site_id,chloride_cl,calcium_total,magnesium_total,sodium_na,potassium_k,salinity_ec,value_date,ph_value,nearest_suburb
6026,12496,333,883,6930,137,35000,1979/3/28,5.45,Nyarrin
6026,57000,250,3500,35000,330,120000,1986/2/27,3.5,Nyarrin
6034,24800,243,1727,13649,192,65200,1979/3/28,2.4,Chillingollah
6095,29400,271,2093,16817,189,73700,1979/3/28,7.82,Chinkapook
6146,21000,2100,2400,12000,8.9,54000,1989/8/15,7.2,Fish Point
7028,1037,88,57,926,2,4700,1978/12/20,8.2,Colignan
26157,8500,230,560,5400,56,26000,1991/5/3,5.1,Nyah
26283,33000,500,3000,20000,190,79000,1990/12/4,3.9,Kulwin
36408,3500,146,142,1950,20,10300,2011/11/24,7.03,Raywood
36415,12200,772,1670,3840,35,41200,2011/11/24,6.34,Serpentine
40603,31180,737,2394,17113,160,76300,1979/3/28,7.45,Waitchie
40612,3340,115,166,1987,39,10900,1979/3/28,8.32,Ninda
40616,20360,353,1219,12197,139,55800,1979/3/28,4.52,Sea Lake
40619,21120,122,1689,11650,100,56100,1979/3/28,2.71,Nandaly
40623,30380,1784,1565,16571,101,75600,1979/3/28,7.46,Tyrrell
40631,22420,311,1628,12562,171,58500,1979/3/28,3.33,Lake Tyrrell
40650,25460,45,1134,15306,207,65500,1979/8/29,2.83,Cocamba
40658,15980,234,1097,9130,66,44400,1979/3/28,3.35,Ultima East
40658,16000,250,1125,9375,50,43000,1982/4/15,3.35,Ultima East
46148,2200,120,150,1200,32,7800,1989/9/12,7.8,Arapiles
46195,550,25,44,340,7.3,2100,1987/5/29,7.2,Kialla West
46195,671,13,36,485,7,7890,2009/9/14,7.38,Kialla West
46489,120,3.4,15,85,4.6,580,1988/7/27,8.1,Blowhard
46962,11000,270,1400,5600,33,30000,1989/12/6,6.6,Bailieston
47063,190,10,4.7,250,19,1300,1990/5/10,8.7,Forge Creek
47063,190,9,4.6,250,19,1300,1990/5/10,8.7,Forge Creek
47063,190,9.3,4.7,260,19,1300,1990/5/10,8.7,Forge Creek
47192,1060,124,335,290,5,4500,2009/4/30,7.33,Sebastopol
47771,400,19,16,210,4.1,1400,1987/1/29,7.8,Benwerrin
47773,230,23,13,120,4.4,910,1986/9/3,7.6,Deans Marsh
48048,5,5,7,9,2,133,1971/8/18,7.23,Ovens
48048,4,2.5,3.3,7.7,0.5,78,1987/6/12,6.6,Ovens
48069,12,2.3,2.9,13,3.8,110,1987/11/10,7.1,Eurobin
49426,1184,120,103,680,14,4510,1976/8/28,7.38,Benayeo
49426,1300,160,120,810,13,4700,1988/3/8,8.3,Benayeo
49426,1200,130,100,700,9.1,4600,1990/3/21,7.5,Benayeo
49426,1100,130,100,680,11,4400,1993/3/3,7.9,Benayeo
49426,1100,120,96,640,9.2,4300,1996/3/20,8.1,Benayeo
49426,1210,122,96,589,14,4390,2002/3/8,7.48,Benayeo
49426,1100,120,96,630,10,4400,2008/9/9,7.3,Benayeo
49563,7000,69,330,3800,51,20000,1989/8/16,8.8,Benjeroop
50333,10000,360,670,5900,14,31000,1989/8/2,7.5,Pental Island
50349,12000,460,710,6000,71,32000,1991/6/5,7.5,Berriwillock
50972,8930,384,761,4880,34,25929,1973/4/13,7.47,Yando
50972,3540,8,141,2968,13,13100,1980/9/9,8.55,Yando
50972,3630,16,129,2947,14,13400,1981/3/11,8.8,Yando
50972,3600,6,128,3022,7,13200,1981/9/9,8.9,Yando
50972,3900,7.4,110,3100,9.6,13000,1984/12/12,9.3,Yando
50978,15000,370,1400,8900,110,40000,1986/11/13,7.7,Barraport
50978,16000,380,1400,9200,110,43000,1986/11/19,6.8,Barraport
50978,16000,450,1500,9900,120,44000,1986/11/25,7.4,Barraport
50978,17000,450,1500,9100,98,44000,1986/12/29,7.6,Barraport
50978,17000,450,1500,9100,98,44000,1986/12/29,7.6,Barraport
50983,330,33,32,190,4.7,1400,1990/1/11,7.8,Barraport West
51215,49,1,3,29,1,194,1975/8/19,6.69,Glenisla
51726,4500,320,480,2600,31,14000,1990/12/8,6.9,Salisbury West
51726,4400,300,440,2400,28,14000,1991/3/21,7,Salisbury West
51726,4500,220,340,1800,21,15000,1991/9/24,7.1,Salisbury West
51726,4500,220,340,1800,21,15000,1991/9/24,7.1,Salisbury West
51741,1,2,2,6,1,53,1981/7/15,6.7,Bright
51743,5,5.9,4.9,6.8,3.4,120,1987/11/25,7.3,Germantown
51845,1035,106,85,606,16,3845,1971/6/3,7.5,Bringalbert
51845,1032,102,84,606,17,3845,1971/6/4,7.55,Bringalbert
52365,320,66,36,340,4,2100,1988/4/12,7.9,Normanville
52752,68,3.2,5.7,38,6.1,290,1983/9/21,7.4,Maffra
52752,73,3.4,5.7,40,6.3,300,1983/9/22,7.2,Maffra
52873,520,20,54,290,5.4,2000,1991/5/15,7,Bundalaguah
54348,99,9,4,58,2,390,1980/3/25,7.15,Calivil
54348,104,10,3,61,3,420,1980/9/9,7.3,Calivil
54348,109,9,3,66,3,420,1981/3/11,7.3,Calivil
54348,111,9,2,63,4,420,1981/9/9,7.3,Calivil
54348,130,11,2.7,85,2.4,510,1985/2/12,7.5,Calivil
54409,1300,44,70,920,5.4,5100,1989/9/5,7.1,Branditt
54456,8600,440,780,4500,44,25000,1987/2/11,7.5,Carag Carag
54456,16000,750,2100,7200,32,42000,1987/4/13,6.5,Carag Carag
54598,387,33,68,224,17,1740,2009/4/29,8.04,Cardigan
54924,18,10,1,43,11,284,1975/12/3,9.31,Carpendeit
54924,19,9,2,49,10,299,1976/1/7,8.99,Carpendeit
54924,47,32,10,87,16,610,1976/4/6,8.68,Carpendeit
54924,25,51,18,90,17,815,1976/6/8,8.01,Carpendeit
54924,22,78,11,48,8,710,1976/8/11,7.81,Carpendeit
54924,22,63,9,38,8,570,1976/9/14,8.45,Carpendeit
55208,4400,67,420,2500,31,14000,1989/10/10,6.9,Moormbool West
55220,30,7.4,5.5,57,3.4,340,1988/6/20,6.8,Cornishtown
55292,15140,544,1110,8273,115,41400,1974/6/1,6.62,Lascelles
55292,15980,560,1182,8828,117,44600,1979/9/6,2.92,Lascelles
55292,16000,600,1300,8800,120,40000,1987/1/22,3,Lascelles
56055,280,11,1.6,290,7,1400,1989/3/13,8.4,Colac
56418,1300,85,120,960,13,5500,1986/3/19,8.15,Invergordon South
56418,1300,87,120,980,12,5500,1986/3/19,8.15,Invergordon South
56418,1100,38,73,850,7.3,4600,1986/3/4,8,Invergordon South
56418,1100,38,73,850,7.3,4600,1986/3/4,8,Invergordon South
56418,1200,38,77,870,8,4900,1986/4/16,8,Invergordon South
56530,10,23,7,10,2,211,1970/11/3,7.8,Hillside
56530,16,51,15,8,1,418,1970/6/6,8.3,Hillside
56530,107,86,13,51,2,749,1970/8/6,7.5,Hillside
56530,129,26,14,101,5,7126,1971/10/14,7.77,Hillside
56530,156,101,16,65,31,1005,1971/8/30,8.49,Hillside
56530,279,129,20,124,2,1380,1980/6/11,8.1,Hillside
56530,247,103,21,94,2,1160,1981/11/27,7.8,Hillside
56530,209,125,21,92,3,1180,1981/2/5,7.7,Hillside
56530,125,82,12,42,2,780,1981/5/28,7.5,Hillside
56530,196,104,18,82,3,1030,1982/3/18,7.8,Hillside
56530,110,65,13,49,3.3,660,1985/4/30,7.4,Hillside
56530,270,130,21,110,4.9,1400,1987/1/14,7.3,Hillside
56531,22,27,7,43,7,385,1970/11/3,8.1,Lindenow
56531,83,40,14,58,3,595,1970/11/5,8.3,Lindenow
56531,66,53,28,65,1,757,1970/6/3,7.9,Lindenow
56531,101,73,16,67,3,787,1971/10/13,7.4,Lindenow
56531,115,70,11,71,2,760,1980/6/11,8,Lindenow
56531,116,75,12,58,3,760,1981/11/27,7.9,Lindenow
56531,115,73,14,74,3,790,1981/5/28,7.9,Lindenow
56531,111,77,12,63,4,740,1982/3/18,8.1,Lindenow
56531,120,66,13,70,3.7,790,1983/9/7,7.6,Lindenow
56531,120,75,12,64,2.7,750,1985/4/30,7.5,Lindenow
56531,110,67,11,61,3.4,720,1987/1/14,7.7,Lindenow
56533,227,51,20,125,3,1099,1970/11/3,7,Walpa
56533,238,49,28,121,4,1147,1970/11/5,8.4,Walpa
56533,155,48,24,95,3,917,1970/6/3,7.8,Walpa
56533,322,50,21,135,2,1150,1980/6/11,6.9,Walpa
56533,265,48,17,109,2,970,1981/11/27,7,Walpa
56533,91,22,9,70,2,500,1981/2/5,8.2,Walpa
56533,240,39,16,106,3,900,1981/5/28,6.7,Walpa
56533,42,17,7,41,1,300,1982/3/18,7.5,Walpa
56533,210,51,19,120,2.2,1000,1983/9/7,7.1,Walpa
56533,140,31,11,71,1.3,610,1985/4/30,7.2,Walpa
56533,230,41,15,95,1.5,840,1987/1/14,6.5,Walpa
56538,69,35,18,57,5,607,1970/8/20,7.3,Wuk Wuk
56538,69,28,14,52,3,526,1970/9/9,7.5,Wuk Wuk
56538,73,29,18,62,5,675,1971/10/13,6.79,Wuk Wuk
56538,101,19,12,50,2,465,1980/6/11,6.7,Wuk Wuk
56538,67,23,16,57,21,540,1981/11/27,7.3,Wuk Wuk
56538,71,22,17,61,2,405,1981/2/5,6.9,Wuk Wuk
56538,64,28,18,66,3,565,1981/5/28,6.95,Wuk Wuk
56538,56,23,16,65,2,460,1982/3/18,7.3,Wuk Wuk
56538,56,23,16,65,2,460,1982/3/18,7.3,Wuk Wuk
56538,61,22,14,61,2,570,1983/9/7,7.1,Wuk Wuk
56538,63,29,17,65,1.6,560,1985/4/30,7.1,Wuk Wuk
56538,82,27,18,61,1.7,570,1987/1/14,7.4,Wuk Wuk
56549,200,82,25,88,4.5,1000,1983/12/1,7.6,Lindenow South
56549,96,70,17,52,4,700,1985/4/30,7.8,Lindenow South
56549,100,62,16,52,4.5,690,1987/1/14,7.8,Lindenow South
56832,82,18,11,38,16,470,1979/3/13,7.93,Simpson
56832,84,35,11,53,17,565,1979/3/13,7.93,Simpson
56832,85,23,11,45,17,493,1979/3/13,7.93,Simpson
56832,83,20,11,42,16,475,1979/3/14,7.51,Simpson
56922,195,10,11,108,4,760,1970/8/28,7.1,Grantville
56922,279,20,21,148,8,1071,1971/1/16,7.1,Grantville
56922,275,16,18,152,5,1000,1977/8/31,7.14,Grantville
56922,282,17,18,158,5,1075,1978/5/2,7.62,Grantville
56922,300,20,17,160,12,1100,1983/6/21,7.7,Grantville
57539,134,3.4,7.9,150,0.34,697,1996/9/13,7.1,Creswick
57923,3900,9.4,350,2800,160,15000,1985/10/30,8.6,Spotswood
57923,4100,24,410,3100,170,13000,1985/4/2,8.3,Spotswood
57923,4400,14,370,3200,150,14000,1986/11/7,8.7,Spotswood
57923,4300,15,380,3000,150,15000,1986/5/1,8.4,Spotswood
57923,4600,16,350,3000,120,15000,1987/4/27,8.6,Spotswood
57923,4800,11,390,3200,100,15000,1988/11/29,8.4,Spotswood
57923,4700,15,370,3000,100,15000,1988/5/11,9,Spotswood
57923,4900,12,340,3000,93,15000,1989/12/5,9,Spotswood
57923,4800,10,330,2800,94,15000,1989/5/9,8.9,Spotswood
57923,4800,13,320,2800,85,15000,1990/11/19,9.2,Spotswood
57923,4900,11,340,2700,81,15000,1990/5/15,7.2,Spotswood
57923,4900,11,350,3000,88,15000,1991/11/12,9.2,Spotswood
57923,4800,11,340,2900,84,15000,1991/5/7,9.2,Spotswood
57923,5200,19,340,2900,80,15000,1992/12/10,9.2,Spotswood
57924,10000,460,1500,4100,78,28000,1992/1/22,7.2,South Kingsville
57924,8700,350,970,4200,69,24000,1992/12/10,7.5,South Kingsville
58267,3600,98,460,2400,7.8,12000,1988/1/12,7.4,Murchison East
58267,2900,65,520,2100,4.4,10000,1988/1/14,6.65,Murchison East
58267,89,3.2,14,70,1.4,480,1988/1/14,6.65,Murchison East
58267,120,2.9,15,85,1.8,550,1988/1/18,6.9,Murchison East
58326,1100,45,110,690,12,4300,1985/10/11,7.3,Coonooer West
58326,1100,45,110,680,13,4100,1985/6/27,7.8,Coonooer West
58326,1100,45,110,720,14,4300,1986/10/15,7.2,Coonooer West
58326,7200,50,490,4500,62,21000,1986/4/8,8.7,Coonooer West
58326,1000,43,110,680,14,4200,1987/10/13,7.3,Coonooer West
58326,1100,43,110,690,17,4200,1987/3/11,7.2,Coonooer West
58449,1800,110,130,1000,22,6200,1988/12/1,7.8,Laharum
58449,2300,160,170,1200,18,7700,1988/6/8,7.9,Laharum
58449,2300,160,170,1200,18,7700,1988/6/8,7.9,Laharum
58449,1800,110,120,980,22,6300,1989/9/12,6.7,Laharum
58449,2000,100,120,1100,20,6700,1990/6/4,6.5,Laharum
58587,83,96,9,44,1,755,1980/5/1,8.05,Dartmoor
59413,2000,65,280,1000,18,7100,1985/10/24,7.9,Ravenhall
59413,2000,66,280,1000,16,6800,1985/4/11,7.8,Ravenhall
59413,2100,66,280,1100,17,7300,1986/11/5,8,Ravenhall
59413,2100,70,310,1200,20,7400,1986/4/30,8,Ravenhall
59413,2300,70,290,1200,19,7600,1987/4/10,8,Ravenhall
59413,2000,72,280,1100,17,7000,1987/9/18,8.3,Ravenhall
59413,2000,74,290,1100,20,7000,1988/11/29,8.7,Ravenhall
59413,2400,74,300,1200,18,8000,1988/4/14,8.1,Ravenhall
59413,2300,71,300,1200,20,7800,1989/12/5,8.2,Ravenhall
59413,2200,68,280,1100,18,7500,1989/5/9,7.9,Ravenhall
59413,1900,69,280,940,19,6500,1990/11/21,7.9,Ravenhall
59413,1900,69,260,870,15,6700,1990/5/15,7.8,Ravenhall
59413,1900,71,290,950,21,6600,1991/11/12,7.9,Ravenhall
59413,2000,72,300,1100,19,7000,1991/5/7,7.9,Ravenhall
59413,2700,65,320,1600,21,9200,1992/12/8,7.9,Ravenhall
59528,390,36,36,490,6.4,2600,1986/5/15,7.9,Werribee
59528,390,36,36,490,6.4,2600,1986/5/15,7.9,Werribee
59528,370,30,34,460,5.2,2500,1987/1/6,7.9,Werribee
59528,370,30,34,460,5.2,2500,1987/1/6,7.9,Werribee
59528,630,63,72,721,8,3800,2009/8/26,7.87,Werribee
59528,660,57.2,67.3,661,7.21,2850,2010/1/18,8,Werribee
59528,550,63,74,910,7.3,2800,2010/7/15,7.9,Werribee
59528,700,79,89,720,7.5,4300,2011/1/18,8,Werribee
59530,2400,170,260,1100,16,7500,1986/5/14,7.6,Werribee South
59530,2500,170,260,1100,15,7600,1987/1/6,7.8,Werribee South
59530,2500,170,260,1100,15,7600,1987/1/6,7.8,Werribee South
59530,1900,80.5,195,788,15.3,6710,2010/1/20,7.7,Werribee South
59530,2100,69,240,970,20,5500,2010/7/19,7.6,Werribee South
59530,2100,81,230,920,17,6500,2011/1/20,7.9,Werribee South
60074,990,74,95,560,5.9,3700,1986/5/20,7.8,Devenish
60187,390,32,35,240,11,1600,1987/10/14,7,Diggora
60639,1700,85,91,1500,30,7100,1991/1/22,7.7,Ozenkadnook
60988,142,19,23,220,26,1270,1973/10/1,8.02,Drik Drik
60988,148,19,22,212,24,1258,1974/2/22,8.3,Drik Drik
60988,135,19,23,216,24,1245,1974/2/22,8.3,Drik Drik
60988,143,19,24,223,24,1275,1974/2/22,8.3,Drik Drik
60988,137,12,23,220,25,1241,1974/2/22,8.3,Drik Drik
60988,152,19,24,222,26,1599,1974/2/22,8.3,Drik Drik
61125,54,21,20,48,3,496,1973/10/1,8.1,Lardner
61125,66,12,12,35,2,372,1973/10/10,7.41,Lardner
61125,51,20,19,14,3,487,1973/10/10,7.41,Lardner
61125,42,19,11,39,3,377,1974/2/7,7.66,Lardner
61125,60,12,10,32,3,315,1977/8/31,7.65,Lardner
61125,59,13,10,35,3,335,1978/5/3,7.93,Lardner
61184,71,34,26,68,4,656,1974/3/25,8.24,Brandy Creek
61184,74,32,25,63,4,656,1974/4/4,7.81,Brandy Creek
61184,47,21,18,46,2,465,1974/6/12,7.59,Brandy Creek
61184,107,11,17,73,5,570,1977/8/31,8.3,Brandy Creek
61184,112,18,20,79,4,645,1978/5/3,8.3,Brandy Creek
61288,3000,190,260,2000,21,11000,1986/5/15,7.8,Wunghnu
61288,1200,57,93,830,6.6,4800,1986/5/21,7.2,Wunghnu
61288,1600,86,150,1100,5.5,5700,1986/5/27,7.8,Wunghnu
61288,1600,81,140,1000,6.7,5700,1986/5/28,7.2,Wunghnu
61288,1100,62,90,660,6.6,4000,1986/6/17,7.2,Wunghnu
61288,1200,69,110,720,6.6,4400,1986/6/18,6.9,Wunghnu
61288,1400,82,84,870,10,5200,1986/6/23,7.4,Wunghnu
61288,1700,100,140,950,7.8,6000,1986/6/24,7.4,Wunghnu
61288,1200,64,98,730,6.2,4500,1986/8/1,7.4,Wunghnu
61454,1200,49,91,640,11,4200,1989/9/12,6.5,Drung
61676,3900,260,340,2500,19,13000,1986/4/24,7.4,Invergordon
61676,3900,260,340,2500,19,13000,1986/4/24,7.4,Invergordon
61676,1200,88,100,810,7.2,4700,1986/5/13,7.7,Invergordon
61676,1200,88,100,810,7.2,4700,1986/5/13,7.7,Invergordon
61676,1500,97,110,1000,8.7,5700,1986/5/19,8,Invergordon
61676,1500,97,110,1000,8.7,5700,1986/5/19,8,Invergordon
61676,1600,69,85,1100,9.1,5900,1986/5/5,7.9,Invergordon
61676,1400,94,110,920,8.4,5300,1986/5/5,7.9,Invergordon
61676,1400,110,130,1000,8.5,5300,1986/5/5,7.9,Invergordon
61676,1600,69,85,1100,9.1,5900,1986/5/5,7.9,Invergordon
61676,1400,94,110,920,8.4,5300,1986/5/5,7.9,Invergordon
61676,1400,110,130,1000,8.5,5300,1986/5/5,7.9,Invergordon
61676,1300,83,85,810,8.7,4700,1986/6/4,7.5,Invergordon
61676,1300,83,85,810,8.7,4700,1986/6/4,7.5,Invergordon
61850,9900,510,810,4900,57,28000,1989/9/14,6.7,Minyip
61922,120,39,25,84,4,760,1988/3/8,8,Powers Creek
61922,120,38,24,82,4.5,800,1989/3/9,7.8,Powers Creek
61922,130,36,19,85,3.3,780,1990/3/22,7.9,Powers Creek
61922,120,41,24,85,3.8,820,1993/3/22,7.7,Powers Creek
61922,120,41,25,84,4,810,1996/3/5,7.8,Powers Creek
61957,1500,55,110,890,9.2,5300,1987/9/10,7.65,Echuca
61957,1700,68,140,1000,10,6000,1987/9/10,7.65,Echuca
61957,1900,89,150,1200,11,6800,1987/9/17,7.5,Echuca
61957,3300,150,300,1700,14,11000,1987/9/17,7.5,Echuca
61957,1300,32,85,1200,5.9,6000,1987/9/2,8.1,Echuca
61957,1400,36,85,1100,4.8,5600,1987/9/2,8.1,Echuca
61957,3000,150,280,1700,14,9900,1987/9/23,7.3,Echuca
61957,4600,240,460,2200,19,10000,1987/9/30,7.2,Echuca
61957,4353.46,182.1,406.5,1905,26.65,10880,2003/7/24,6.69,Echuca
62033,55,2,4,154,16,687,1971/1/19,7.31,Strathallan
62033,84,2,4,184,3,776,1971/3/19,7.73,Strathallan
62033,231,6,12,270,6,1294,1971/4/1,7.73,Strathallan
62033,237,6,12,274,4,1369,1971/4/1,7.73,Strathallan
62033,220,5.8,11,250,4.5,1300,1984/7/18,8.4,Strathallan
62033,338.365,6,20.25,284,21.53,1520,2003/7/24,9.26,Strathallan
62038,1700,42,110,1200,5.6,6600,1987/4/14,7.2,Kanyapella
62038,920,40,73,570,9.2,3400,1987/4/4,7.4,Kanyapella
62038,1600,54,100,1200,4.1,6400,1987/4/9,7.85,Kanyapella
62038,1500,53,75,1200,4,5900,1987/4/9,7.85,Kanyapella
62038,2100,98,130,1400,18,7500,1987/5/18,7.9,Kanyapella
62038,2100,98,130,1400,17,7500,1987/5/18,7.9,Kanyapella
62038,4100,200,410,2300,15,13000,1987/5/19,7.2,Kanyapella
62038,4400,230,450,2300,18,14000,1987/5/27,7.2,Kanyapella
62038,1300,49,92,770,10,4500,1987/5/5,7.3,Kanyapella
62038,2300,98,200,1300,11,7800,1987/5/7,7.4,Kanyapella
62038,4300,290,280,2200,14,13000,1987/6/10,7.7,Kanyapella
62038,4723.38,431.11,403.25,2340,20.59,12720,2003/7/24,7.02,Kanyapella
62337,260,15,22,180,3.4,1100,1987/11/5,7.3,Corop West
62497,2275,24,179,1280,17,7400,1982/11/25,8.2,Ellerslie
62733,160,15,0.9,110,5.5,680,1989/9/11,9.7,Stockyard Hill
62950,1928,93,160,1065,6,6450,1976/2/18,7.98,Lyndhurst
62950,2092,35,153,1080,8,6400,1976/2/18,7.98,Lyndhurst
62950,2200,18,130,1200,8.5,6900,1983/3/11,7.6,Lyndhurst
62950,2200,22,140,1200,7,7000,1983/8/10,7.4,Lyndhurst
62950,2200,22,140,1200,7,7000,1984/8/10,7.4,Lyndhurst
62950,2300,7.6,130,1300,5.4,6800,1986/10/27,8.8,Lyndhurst
62950,2200,9.4,140,1300,7,7000,1986/4/15,8.4,Lyndhurst
62950,2300,7.6,140,1300,5.1,6800,1987/4/1,9.1,Lyndhurst
62950,2300,12,140,1200,6.2,6900,1987/9/8,8.9,Lyndhurst
62950,2300,12,140,1400,7.2,6900,1988/11/30,8.1,Lyndhurst
62950,2300,13,130,1200,7.2,6900,1989/12/12,8.5,Lyndhurst
62950,2300,13,130,1200,6.1,6900,1989/5/11,8.6,Lyndhurst
62950,2200,14,120,1100,6.1,6800,1990/11/21,9.1,Lyndhurst
62950,2300,13,130,1200,5,6900,1990/5/17,9.2,Lyndhurst
62950,2200,19,140,1200,9,6800,1991/11/13,8.2,Lyndhurst
62950,2200,16,130,1200,5.7,6800,1991/5/8,8.9,Lyndhurst
62950,2300,24,140,1200,8.7,6800,1993/7/12,8.8,Lyndhurst
62950,2100,30,130,1200,4.5,6700,1995/7/26,9.8,Lyndhurst
62950,2300,26,130,1300,5.3,7000,1996/9/13,9.3,Lyndhurst
62950,2200,28,160,1200,6,6700,1997/5/15,8.7,Lyndhurst
62950,2200,25,140,1200,5.9,6800,1998/5/29,9,Lyndhurst
62950,2300,41,140,1100,9.2,6900,1999/10/13,5.1,Lyndhurst
62950,2300,40,140,1100,8.7,7000,1999/3/27,5.3,Lyndhurst
62950,2300,45,140,1200,5.5,7000,2000/5/12,6.3,Lyndhurst
62950,2400,46,140,1200,5.9,7000,2000/9/25,7.4,Lyndhurst
62950,2400,48,140,1200,5.7,7000,2001/2/23,7.8,Lyndhurst
62950,2400,51,130,1100,5.3,6900,2001/9/14,6.5,Lyndhurst
62950,2400,53,120,1100,3.9,7300,2002/3/4,6.7,Lyndhurst
62950,2200,68,130,1200,5.8,7000,2002/9/12,5.7,Lyndhurst
62950,2400,77,130,1300,5.5,7200,2003/3/4,6,Lyndhurst
62950,2300,76,120,1100,8.8,7100,2003/9/23,5.7,Lyndhurst
63273,85,75,8,68,1,721,1977/6/21,7.92,Boneo
63273,87,65,8,72,2,700,1977/6/27,7.9,Boneo
63273,91,58,8,84,1,733,1978/5/2,7.95,Boneo
63273,91,59,8,83,1,700,1980/6/19,7.9,Boneo
63273,76,78,8.1,76,0.7,760,1987/8/4,7.6,Boneo
63273,77,73,8.6,78,0.8,750,1988/3/22,8,Boneo
63274,120,42,34,85,3,880,1977/7/19,8.2,Fingal
63274,171,39,31,93,3,890,1977/7/21,8.2,Fingal
63274,146,33,23,79,3,765,1978/5/2,7.59,Fingal
63274,145,36,24,78,3,755,1980/6/19,7.7,Fingal
63889,519,63,81,169,10,2090,1980/6/24,6.8,Corinella
63889,510,54,80,180,9.4,1800,1983/6/21,7.3,Corinella
63910,128,21,27,80,5,724,1971/7/29,8.02,Lang Lang East
63910,144,22,27,83,4,725,1977/9/8,7.2,Lang Lang East
63910,146,21,28,82,3,739,1978/8/2,8.41,Lang Lang East
63910,151,22,29,83,4,800,1982/3/9,7.05,Lang Lang East
63910,160,26,28,86,4,800,1983/6/21,7.3,Lang Lang East
63918,646,16,36,331,7,2070,1978/11/1,6.21,French Island
63918,646,16,35,328,7,2090,1978/8/2,7.15,French Island
63918,610,16,35,309,6,1930,1979/1/10,4.95,French Island
63918,582,14,29,309,7,1995,1979/5/8,6.85,French Island
63918,570,108,98,241,14,2475,1980/2/7,6.94,French Island
63918,643,18,37,316,7,2100,1980/2/7,6.94,French Island
63918,656,16,36,333,7,2100,1980/6/24,4.5,French Island
63918,970,13,40,420,3.2,3000,1983/6/21,5.8,French Island
63930,594,133,41,287,8,2348,1972/10/26,8.08,Fairhaven
63930,510,160,34,227,5,2030,1972/11/2,7.48,Fairhaven
63930,598,90,23,321,13,2200,1977/9/8,7.7,Fairhaven
63930,612,84,24,345,14,2250,1978/11/2,7.23,Fairhaven
63930,636,92,25,344,13,2260,1978/8/2,7.65,Fairhaven
63930,585,85,22,322,13,2140,1979/1/10,7.3,Fairhaven
64139,160,15,25,230,3.6,1300,1987/1/21,8,Darlington
64139,130,13,22,210,3.9,1100,1987/10/8,8.4,Darlington
64390,630,25,42,610,5.7,3100,1988/3/11,7.7,Stanhope South
64390,630,25,42,610,5.7,3100,1988/3/11,7.7,Stanhope South
64390,9900,640,1200,4600,29,27000,1988/3/15,6.8,Stanhope South
64390,9800,530,1000,4800,29,27000,1988/3/17,7.8,Stanhope South
64468,2400,54,290,1200,10,7300,1988/12/19,6.6,Girgarre East
64468,2400,54,290,1200,10,7300,1988/12/19,6.6,Girgarre East
64468,2700,67,310,1200,13,7900,1988/3/22,5.9,Girgarre East
64468,2700,6.9,180,1500,5.9,7800,1988/3/22,5.9,Girgarre East
64835,31,4.4,2.8,21,0.8,160,1986/5/20,7.15,Stradbroke
64835,31,4.4,2.9,21,0.9,160,1986/5/20,7.15,Stradbroke
64880,260,33,37,140,3.4,1200,1988/7/27,7.9,Coghills Creek
64880,188,23.1,24.9,139,3,900,1996/9/9,7.4,Coghills Creek
65070,170,120,15,61,2.5,1000,1988/3/29,7.9,Nelson
65070,150,95,13,56,3.8,960,1989/3/7,7.6,Nelson
65070,150,100,15,68,1.5,980,1990/3/29,7.7,Nelson
65070,130,91,11,63,1.3,890,1993/3/5,8,Nelson
65070,110,85,10,58,1.3,840,1996/6/4,7.9,Nelson
65070,119,94,12,71,2,845,2002/3/5,7.76,Nelson
65070,100,80,11,68,1.9,800,2008/9/8,7.9,Nelson
65764,380,19,26,234,6,1485,1976/8/2,6.96,Goon Nure
65764,380,23,26,230,6,1500,1976/8/2,6.96,Goon Nure
65764,307,16,26,232,7,1600,2009/7/8,7.48,Goon Nure
65872,5100,140,530,2800,17,16000,1985/10/22,6.4,Wellsford
65872,4700,140,510,2900,16,15000,1986/7/15,6.3,Wellsford
65873,2000,75,270,1100,12,7400,1985/10/1,7.4,Bagshot
65873,3600,79,430,1800,22,12000,1985/10/22,7,Bagshot
65873,4400,95,550,2400,30,14000,1985/9/19,7,Bagshot
65873,1100,28,150,540,8.6,4100,1985/9/4,7.25,Bagshot
65873,2800,79,320,1300,19,8700,1985/9/4,7.25,Bagshot
65873,4900,94,630,2800,30,15000,1986/7/4,7,Bagshot
65873,4160,69,569,2500,45,15400,2009/9/2,6.3,Bagshot
66623,1100,120,220,340,1.6,3900,1987/8/20,8.1,Haddon
66623,1100,120,220,340,1.6,3900,1987/8/20,8.1,Haddon
66623,1300,160,260,350,3.4,4400,1987/8/27,7.65,Haddon
66623,1200,150,260,340,4.8,4300,1987/8/27,7.65,Haddon
67006,365,91,34,200,5,1370,1972/7/10,8.22,Gorae
67006,368,68,35,192,7,1546,1972/7/10,8.22,Gorae
67006,345,84,28,200,6,1630,1972/7/11,8.22,Gorae
67006,367,110,46,188,3,1790,1972/7/12,8.23,Gorae
67006,363,101,44,211,6,1830,1972/7/3,8.04,Gorae
67006,359,60,41,194,6,1586,1972/7/3,8.04,Gorae
67006,370,76,25,225,8,1670,1972/7/6,8.18,Gorae
67006,370,48,43,190,4,1467,1973/3/28,8.1,Gorae
67849,27,9,5,15,16,306,1972/6/7,6.9,Pomonal
67849,25,2,2,15,6,140,1973/11/8,6.28,Pomonal
67849,100,19,11,52,5,446,1973/3/23,8.1,Pomonal
67849,89,23,11,47,5,446,1973/3/27,7.51,Pomonal
67849,29,3,2,14,7,138,1973/3/30,7.24,Pomonal
67849,177,22,16,87,3,740,1974/5/6,6.98,Pomonal
67849,21,3,2,12,7,148,1974/6/24,6.34,Pomonal
67849,20,3,2,13,7,152,1974/6/24,6.34,Pomonal
67849,26,3,2,14,6,136,1974/7/9,6.98,Pomonal
67849,26,3,2,14,6,139,1974/7/9,6.98,Pomonal
67849,29,7,4,215,5,952,1974/8/2,8.16,Pomonal
67849,18,2,1,9,4,90,1975/4/27,5.75,Pomonal
68351,120,11,12,93,6,630,1971/1/12,7.77,Tonimbuk
68351,140,9,7,85,5,555,1977/8/31,7.02,Tonimbuk
68351,146,8,7,89,5,600,1978/12/12,7.3,Tonimbuk
68351,142,10,8,87,5,608,1978/5/3,7.93,Tonimbuk
68351,146,17,16,92,4,680,1979/5/21,8.1,Tonimbuk
68351,130,14,13,84,4.8,610,1983/8/3,8.3,Tonimbuk
68964,1610,92,125,1010,13,6220,2011/11/21,6.98,Drummartin
69120,2800,140,94,1600,16,8800,1991/3/20,7,Dorodong
69120,2400,210,130,1400,1.4,8400,1993/3/3,7.2,Dorodong
69120,3000,360,210,1600,3.5,9700,1996/3/5,7,Dorodong
69478,870,32,79,540,21,3400,1990/6/6,9.5,Kariah
69494,520,92,36,270,7.5,2100,1991/1/22,8,Karnak
69494,444,75,33,240,9,1950,2009/4/30,7.37,Karnak
69509,1200,140,88,700,7.1,4600,1986/6/20,7.4,Lake Rowan
69509,1200,140,88,700,7.1,4600,1986/6/20,7.4,Lake Rowan
69509,1200,130,86,740,8.2,4600,1986/7/2,8.1,Lake Rowan
69509,1400,180,75,810,5.7,5100,1986/7/2,8.1,Lake Rowan
69509,1200,130,86,740,8.2,4600,1986/7/2,8.1,Lake Rowan
69509,1400,180,75,810,5.7,5100,1986/7/2,8.1,Lake Rowan
69509,1200,130,73,710,6.3,4600,1986/7/3,7.6,Lake Rowan
69509,1200,130,73,710,6.3,4600,1986/7/3,7.6,Lake Rowan
69549,1600,100,150,910,11,5700,1988/4/8,7.2,Katamatite
69549,1550,80,127,907,13,5840,2012/12/6,6.65,Katamatite
69963,81,31,26,70,2.3,660,1987/6/24,8.7,Mount Richmond
69963,100,110,0.5,99,15,1800,1989/3/7,11.9,Mount Richmond
69963,98,54,0.5,110,4.6,1200,1990/3/29,11.7,Mount Richmond
70221,8900,590,670,4500,51,26000,1989/9/14,7.5,Blackheath
70245,3300,250,490,2200,24,11000,1988/2/22,6.7,Kialla East
70245,3300,250,490,2200,24,11000,1988/2/22,6.7,Kialla East
70909,1250,43,89,736,14,4480,1978/4/4,7.03,Loddon Vale
70909,2300,19,150,1400,20,7500,1985/12/11,8.4,Loddon Vale
70909,2500,28,170,1500,22,7800,1986/10/15,8.6,Loddon Vale
70909,2300,12,130,1400,21,7500,1986/4/8,8.6,Loddon Vale
70909,2300,12,140,1400,23,7400,1987/10/26,8.3,Loddon Vale
70909,2600,36,180,1400,22,8200,1987/3/11,8.5,Loddon Vale
70911,9000,1050,547,5010,122,27200,2011/12/5,7.05,Borung
71129,5300,50,390,3300,46,17000,1985/12/10,8.4,Emu
71129,7400,69,550,4600,66,22000,1985/6/26,7.8,Emu
71129,7500,55,540,4800,63,22000,1986/10/15,8.7,Emu
71129,5700,270,570,3200,26,17000,1986/4/8,7.3,Emu
71129,8200,55,540,4500,64,22000,1987/10/13,8.7,Emu
71129,7500,58,530,4600,69,22000,1987/3/11,8.6,Emu
71184,487,11,31,290,4,1648,1971/1/12,8.5,Pakenham South
71184,131,8,11,86,2,560,1977/8/31,8,Pakenham South
71184,200,18,23,115,3,900,1978/12/11,8.12,Pakenham South
71184,128,8,9,87,2,567,1978/5/3,8.09,Pakenham South
71184,781,81,85,360,6,2850,1979/1/30,7.35,Pakenham South
71184,834,83,91,387,6,3000,1979/5/22,8.2,Pakenham South
71184,110,15,15,73,2.8,570,1983/8/17,7.5,Pakenham South
71184,110,11,11,78,1.9,520,1984/12/13,7.4,Pakenham South
71184,82,14,13,69,1.5,500,1985/4/10,8.1,Pakenham South
71184,93,11,13,73,1.9,520,1985/9/11,7.6,Pakenham South
71184,78,9.2,11,65,2.1,440,1986/1/22,7.8,Pakenham South
71192,509,114,46,237,6,2120,1975/5/22,7.64,Koo Wee Rup
71192,520,115,47,245,5,2240,1975/7/14,7.7,Koo Wee Rup
71192,513,75,45,238,5,1930,1975/8/18,8.44,Koo Wee Rup
71192,505,113,48,227,5,2040,1975/9/17,7.59,Koo Wee Rup
71192,508,115,47,231,6,2110,1976/1/15,7.88,Koo Wee Rup
71192,513,102,45,233,6,2010,1976/2/11,7.81,Koo Wee Rup
71192,530,100,47,241,6,2150,1976/3/30,7.81,Koo Wee Rup
71192,524,100,47,238,5,1990,1977/11/29,8,Koo Wee Rup
71192,522,82,47,239,6,1870,1977/8/30,8.24,Koo Wee Rup
71192,522,101,47,242,6,2050,1978/2/9,7.92,Koo Wee Rup
71192,628,107,52,273,6,2350,1978/4/4,7.5,Koo Wee Rup
71192,534,108,48,248,6,2130,1978/5/2,8.13,Koo Wee Rup
71192,536,104,47,249,6,2155,1978/7/6,8,Koo Wee Rup
71192,535,86,47,258,6,2090,1978/9/12,8.2,Koo Wee Rup
71192,805,103,66,412,10,2900,1982/2/24,7.65,Koo Wee Rup
71192,530,84,46,250,6.2,2100,1983/6/20,7.8,Koo Wee Rup
71192,510,110,46,240,5.4,2100,1983/8/9,7.5,Koo Wee Rup
71192,510,110,46,240,5.4,2100,1983/8/9,7.5,Koo Wee Rup
71192,550,110,49,250,6,2200,1987/11/11,8,Koo Wee Rup
71192,520,100,47,240,5.1,2000,1988/11/22,7.3,Koo Wee Rup
71192,300,51,23,210,5.5,1400,1988/4/28,8,Koo Wee Rup
71192,510,97,42,220,4.7,2000,1989/11/23,7.2,Koo Wee Rup
71192,510,100,44,230,4.6,2000,1990/12/12,7.6,Koo Wee Rup
71192,510,110,47,230,4.7,2100,1991/12/4,7.4,Koo Wee Rup
71192,500,150,48,230,5.1,2000,1992/12/15,7.2,Koo Wee Rup
71192,510,120,45,220,5,2000,1993/11/17,7.3,Koo Wee Rup
71192,500,160,48,210,5.3,2000,1994/11/14,7.2,Koo Wee Rup
71192,500,110,50,250,5.6,2200,1995/12/6,7.3,Koo Wee Rup
71192,502,100,47,235,7,1740,2002/12/15,7.29,Koo Wee Rup
71219,2700,270,220,1400,21,8400,1987/11/6,8,Tooradin
71219,3500,290,260,2300,25,11000,1988/11/23,7.2,Tooradin
71219,2600,230,190,1300,15,8300,1988/4/22,7.3,Tooradin
71219,4800,400,350,2500,37,15000,1989/11/21,7,Tooradin
71219,4800,390,370,2700,46,15000,1990/12/14,6.7,Tooradin
71219,4600,340,330,2300,47,14000,1991/12/4,7.2,Tooradin
71219,5600,400,390,2900,60,17000,1992/12/16,6.8,Tooradin
71219,5300,360,360,2800,59,16000,1993/11/19,6.9,Tooradin
71219,4900,320,320,2400,51,15000,1994/11/17,6.8,Tooradin
71219,4300,320,340,2600,52,14000,1995/12/5,7,Tooradin
71219,5700,950,740,4000,50,17000,1996/12/18,7.1,Tooradin
71219,4600,280,300,2400,53,14000,1997/11/11,7.2,Tooradin
71219,4300,300,300,2200,46,13000,1998/12/10,7,Tooradin
71219,4000,270,300,2300,47,13000,1999/12/3,6.9,Tooradin
71219,4500,270,310,2400,48,14000,2001/12/8,6.8,Tooradin
71219,4100,250,280,2400,47,13000,2002/10/25,6.7,Tooradin
71219,4100,250,280,2400,47,13000,2002/11/25,6.7,Tooradin
71219,4470,275,297,2140,84,13000,2003/11/27,7.16,Tooradin
71219,4120,239,327,2240,72,12600,2004/12/8,7.18,Tooradin
71219,4540,288,340,2610,61,5420,2005/11/28,6.87,Tooradin
71219,4140,209,266,2140,64,1320,2006/11/14,6.84,Tooradin
71219,4590,221,309,2210,58,12300,2007/1/9,6.8,Tooradin
71219,3680,247,294,2110,56,13400,2007/12/10,6.82,Tooradin
71219,4500,230,310,2200,48,13000,2018/11/27,6.69,Tooradin
71219,5400,270,370,2700,58,13000,2019/10/9,6.68,Tooradin
71846,506,10,37,268,6,1682,1971/1/12,7.65,Modella
71846,450,55,51,256,6,1870,1974/10/17,8.12,Modella
71846,457,10,39,248,6,1560,1977/9/1,7.84,Modella
71846,450,9,39,247,6,1652,1978/5/3,8.11,Modella
71846,464,57,52,260,6,1940,1979/1/3,8.3,Modella
71846,770,90,81,373,6,2870,1979/11/29,7.77,Modella
71846,478,72,51,262,5,2010,1979/12/1,8.13,Modella
71846,455,60,50,253,5,1900,1979/5/21,8.5,Modella
71846,1900,120,200,850,4,6200,1983/7/27,6.6,Modella
71846,1800,120,180,810,4.5,6000,1983/8/3,6.5,Modella
71846,1500,94,160,700,3.3,5100,1985/9/11,7.3,Modella
71846,1600,130,220,820,6.3,5000,1986/1/13,6.8,Modella
71846,1700,110,180,850,2.9,5900,1986/5/7,6.9,Modella
71846,1600,100,160,810,3.2,5200,1987/11/24,7.3,Modella
71846,1800,110,180,820,2.9,5800,1987/4/8,6.8,Modella
71846,1800,110,180,830,3.3,5500,1988/11/17,6.7,Modella
71846,1900,110,200,930,2.8,6200,1988/5/19,6.7,Modella
71846,1700,110,180,830,4.5,5400,1989/12/12,6.8,Modella
71846,1800,100,170,780,2.7,5800,1989/4/10,6.7,Modella
71846,1600,97,160,690,3.2,5400,1990/11/22,6.7,Modella
71846,1900,120,200,910,4.3,6100,1990/4/9,6.7,Modella
71846,1600,110,180,780,5.3,5300,1991/10/29,6.7,Modella
71846,1800,110,190,860,5.5,6000,1991/4/9,6.6,Modella
71846,1400,92,150,650,2.9,4800,1992/12/9,6.9,Modella
71846,1200,75,130,570,6.6,4100,1992/3/6,7.1,Modella
71846,1500,90,150,680,5.8,4900,1993/12/1,6.8,Modella
71846,1800,100,180,840,4.4,6000,1993/3/31,6.7,Modella
71846,1300,72,120,540,3.6,4800,1994/11/16,6.9,Modella
71846,1000,76,120,540,4.3,3600,1994/4/7,6.8,Modella
71846,1300,76,130,610,8,4500,1995/12/12,6.8,Modella
71846,620,65,67,330,4.8,2500,1995/3/30,7.5,Modella
71846,1600,96,160,720,3.8,5300,1996/3/27,6.9,Modella
71846,1200,76,120,500,7.2,4100,2000/12/13,6.9,Modella
71846,506,79,64,320,9,2060,2002/12/15,7.73,Modella
71848,458,10,31,300,5,1749,1971/1/12,7.8,Bunyip
71848,504,16,22,272,4,1600,1977/8/31,7.85,Bunyip
71848,478,10,17,271,4,1605,1978/5/3,7.21,Bunyip
71848,536,10,22,275,4,1950,1979/1/3,2.98,Bunyip
71848,512,17,38,293,5,2000,1979/2/7,3.28,Bunyip
71848,511,16,37,275,4,1670,1979/5/21,6.67,Bunyip
71848,480,14,35,290,4.2,1800,1983/7/27,6.9,Bunyip
71848,520,14,34,290,4.4,1900,1983/8/3,6.4,Bunyip
71850,839,24,75,473,6,3216,1971/1/12,8.12,Longwarry
71850,1041,40,65,501,5,3150,1977/8/31,7.37,Longwarry
71850,1067,36,89,507,5,3450,1978/12/12,7.49,Longwarry
71850,1013,39,60,503,5,3205,1978/5/3,6.92,Longwarry
71850,925,42,91,447,5,3150,1979/2/7,6.99,Longwarry
71850,916,45,87,450,5,3050,1979/5/21,8.03,Longwarry
71850,1100,46,86,480,4.6,3400,1983/7/27,4.5,Longwarry
71850,960,48,88,460,4.8,3400,1983/8/2,6.3,Longwarry
71856,1258,138,127,562,9,4360,1979/6/11,7.35,Iona
71856,1256,138,127,562,9,4400,1979/6/12,7.55,Iona
71856,1261,138,127,562,9,4400,1979/6/13,7.6,Iona
71856,1264,138,127,562,9,4400,1979/6/13,7.6,Iona
71856,1300,58,100,580,8.8,4100,1983/7/27,8.4,Iona
72649,1100,78,120,620,18,3900,1988/2/25,8.1,Pura Pura
73487,2300,73,150,1500,18,8000,1988/8/18,7.3,Lake Boga
73504,4500,42,300,2500,54,13000,1985/12/11,8.9,Powlett Plains
73504,5400,210,430,2700,60,15000,1986/10/15,5.8,Powlett Plains
73504,4900,140,390,2800,64,14000,1986/5/6,6.9,Powlett Plains
73504,4800,130,310,2600,63,14000,1987/10/26,7.6,Powlett Plains
73504,6600,220,520,3400,78,19000,1987/3/11,6.8,Powlett Plains
73588,980,35,120,570,9.5,3500,1987/10/29,7.7,Merrigum
73588,980,35,120,570,9.5,3500,1987/10/29,7.7,Merrigum
73588,1000,23,110,720,4.6,4200,1987/9/24,7,Merrigum
73588,910,20,100,610,4,3600,1987/9/24,7,Merrigum
73588,1000,23,110,720,4.6,4200,1987/9/24,7,Merrigum
73588,910,20,100,610,4,3600,1987/9/24,7,Merrigum
73588,1200,32,140,650,6.3,4200,1987/9/28,6.8,Merrigum
73588,1200,32,140,650,6.3,4200,1987/9/28,6.8,Merrigum
73672,300,29,38,170,6,1300,1984/8/29,7.4,Shelbourne
73672,74,14,12,50,7.8,440,1984/9/10,9.1,Shelbourne
73672,130,16,18,79,9.2,650,1984/9/19,7.9,Shelbourne
73672,280,36,46,160,7,1300,1984/9/5,7.9,Shelbourne
73833,3580,219,368,1492,4,1258,1970/10/22,8.1,Laceby
73833,994,55,84,720,7,4126,1970/10/27,8.5,Laceby
73833,477,9,16,380,3,2121,1970/6/8,7.5,Laceby
73833,76,39,8,97,7,787,1970/7/21,7.3,Laceby
73833,1100,24,83,780,3.6,4200,1987/5/6,8.1,Laceby
74306,61,6,6,40,3,306,1969/10/24,4.1,Jam Jerrup
74306,150,32,22,62,6,679,1969/11/24,7.6,Jam Jerrup
74306,70,5,7,38,2,281,1969/9/10,4.6,Jam Jerrup
74306,70,3,4,38,4,261,1969/9/19,5.8,Jam Jerrup
74306,162,41,25,58,6,706,1971/1/12,7.9,Jam Jerrup
74306,154,32,24,54,6,685,1974/2/5,8.21,Jam Jerrup
74306,117,5,6,60,1,429,1977/12/8,5.53,Jam Jerrup
74306,160,32,20,54,6,640,1977/8/31,8.05,Jam Jerrup
74306,160,42,25,55,5,770,1978/12/8,8.08,Jam Jerrup
74306,154,32,24,54,6,685,1979/1/16,8.21,Jam Jerrup
74306,157,40,25,59,6,740,1979/5/22,8.31,Jam Jerrup
74306,170,44,28,68,6.4,790,1983/6/16,7.9,Jam Jerrup
74306,150,43,25,54,6.2,740,1983/6/28,6.9,Jam Jerrup
74306,150,47,26,56,6,750,1983/7/26,7.2,Jam Jerrup
74306,154,29,22,67,4,795,2009/6/23,7.25,Jam Jerrup
74609,494,16,35,234,3,1660,1979/11/7,6.3,Yannathan
74609,510,16,37,251,3,1710,1979/11/8,6.4,Yannathan
74609,110,3,6.6,66,1.1,430,1983/7/26,6.2,Yannathan
74609,64,1.4,4.1,28,0.5,260,2018/11/29,7.27,Yannathan
74609,66,1.6,4.7,33,0.6,250,2019/10/10,7.02,Yannathan
75401,500,87,43,250,3.1,2000,1984/11/16,8.2,Leongatha South
75401,520,44,36,250,3.8,1800,1987/1/29,7.6,Leongatha South
75401,334,71,27,185,4,1540,2009/7/16,7.55,Leongatha South
75403,140,59,31,97,4.6,960,1984/12/2,7.3,Koonwarra
75403,140,7.3,18,63,3.2,540,1987/1/29,7.5,Koonwarra
75404,1400,71,160,540,5.8,4200,1987/1/29,7.4,Korumburra South
75669,490,81,63,270,17,2200,1993/3/18,7.9,Telopea Downs
75669,490,81,58,240,15,2200,1996/5/22,7.8,Telopea Downs
75669,521,68,60,328,20,2240,2002/3/16,7.77,Telopea Downs
75669,490,2.3,49,270,16,1900,2008/9/30,9.4,Telopea Downs
75851,2000,270,250,800,7.9,6800,1989/5/3,8,Canary Island
75855,2500,150,170,1300,5.4,8200,1990/1/4,7.5,Gladfield
76074,995,24,69,529,6,3220,1979/1/1,7.55,Loy Yang
76762,19000,1300,2000,9100,15,49000,1988/7/12,7.4,Macorna North
76888,38,5,7,33,2.2,240,1991/4/25,6.8,Tinamba West
76898,280,51,41,240,17,1800,1987/9/28,8.2,Poolaijelo
76898,1400,120,120,860,33,5200,1988/3/8,7.9,Poolaijelo
76898,310,35,0.5,200,13,1300,1989/3/9,10.1,Poolaijelo
76898,870,19,47,590,23,3200,1990/3/22,8.5,Poolaijelo
76898,1400,100,120,870,26,5400,1993/3/2,8.1,Poolaijelo
76898,1400,42,120,920,28,5200,1996/3/6,8.5,Poolaijelo
76898,1360,56,107,823,36,5440,2002/3/20,8.17,Poolaijelo
76898,1300,74,130,930,26,5200,2008/9/9,7.8,Poolaijelo
77101,50400,341,2114,31100,321,100773,1969/11/4,7.67,Linga
77101,55840,446,2510,34353,169,135750,1970/10/13,5.44,Linga
77101,48260,396,2020,29388,160,121693,1970/10/13,5.44,Linga
77101,52400,353,2125,31116,306,105796,1970/12/8,5.8,Linga
77101,57240,423,2699,36100,378,102442,1970/12/8,5.8,Linga
77101,50900,338,2096,30700,320,100236,1970/12/8,5.8,Linga
77101,50120,350,2058,30829,176,126960,1970/2/5,6.01,Linga
77101,50280,404,2095,30749,178,126054,1970/2/5,6.01,Linga
77101,57720,475,2579,35554,190,144652,1970/4/8,6.74,Linga
77101,57120,454,2675,35394,192,144652,1970/4/8,6.74,Linga
77101,50820,400,2082,31070,181,129761,1970/4/8,6.74,Linga
77101,51220,367,1920,31710,180,122552,1970/4/8,6.74,Linga
77101,55980,525,2569,34433,176,135750,1970/5/25,7.03,Linga
77101,49160,333,1987,30706,317,116635,1970/5/25,7.03,Linga
77101,47392,311,2025,29754,313,108384,1970/6/25,7.5,Linga
77101,48080,333,2025,30208,310,113311,1970/6/25,7.5,Linga
77101,48820,365,1998,30706,306,121396,1970/7/31,3.4,Linga
77101,48240,365,2025,30208,311,121396,1970/7/31,3.4,Linga
77101,48800,347,2077,30183,276,93274,1970/9/6,3.5,Linga
77101,50320,408,2092,30669,181,118899,1971/3/4,7.52,Linga
77101,48880,333,1998,30706,314,121396,1971/5/25,7.6,Linga
77101,53150,290,2217,32338,343,118000,1979/8/9,5.97,Linga
77101,52275,280,2130,31900,320,110500,1979/9/5,5.8,Linga
77101,53410,147,2210,33200,350,114000,1981/9/30,8.1,Linga
77101,53410,147,2210,33200,350,114000,1981/9/30,8.1,Linga
77101,65000,140,2400,42000,420,130000,1986/6/5,8.1,Linga
77226,200,7.5,21,200,6,1200,1985/10/24,8.3,Plumpton
77226,1400,27,210,820,24,5600,1985/5/15,7.9,Plumpton
77226,350,12,40,260,8,1600,1986/11/7,7.9,Plumpton
77226,210,8.6,24,210,7.4,1200,1986/4/30,7.9,Plumpton
77226,420,14,41,300,8.6,1800,1987/11/24,7.7,Plumpton
77226,150,5.8,14,140,5.5,850,1987/4/10,7.9,Plumpton
77226,1200,31,93,800,17,4600,1988/11/29,8.5,Plumpton
77226,1300,35,140,740,18,4900,1988/5/3,7.8,Plumpton
77226,1700,44,200,880,23,5800,1989/12/12,7.9,Plumpton
77226,510,16,54,370,9.8,2300,1989/5/10,7.8,Plumpton
77226,1300,32,150,710,18,4600,1990/11/21,7.6,Plumpton
77226,1400,34,150,780,20,5200,1990/5/16,7.7,Plumpton
77226,1600,49,200,900,25,5800,1991/11/13,7.7,Plumpton
77226,1600,49,180,850,20,5900,1991/5/8,7.7,Plumpton
77226,410,12,31,310,7.1,1800,1992/12/8,7.5,Plumpton
77304,7400,300,580,4100,68,22000,1987/3/19,7.7,Gredgwin
77304,1700,57,83,1000,24,5700,1987/3/26,6,Gredgwin
77304,3300,150,240,1900,37,11000,1987/4/7,7.3,Gredgwin
77436,124,22,20,135,11,887,1978/11/22,8.28,Morwell
77436,128,33,22,137,12,925,1978/11/22,8.28,Morwell
77436,126,29,15,124,10,840,1981/7/15,7.8,Morwell
77850,590,110,40,340,5.2,2600,1993/3/15,7.4,Langkoop
77850,630,110,45,370,6,2700,1996/3/6,7.7,Langkoop
77850,762,144,49,425,10,3200,2002/3/20,7.24,Langkoop
77850,870,150,56,460,7.1,3400,2008/9/9,7.2,Langkoop
77947,110,16,6.2,66,6.7,490,1989/8/3,7.6,Perry Bridge
78550,166,63,15,87,1,1120,1975/12/4,8.14,Allansford
78550,173,71,14,105,1,1100,1975/5/14,7.98,Allansford
78550,130,130,13,73,0.9,1000,1986/5/28,7,Allansford
78550,160,140,13,79,1.7,1100,1989/5/25,7.4,Allansford
78550,130,110,12,70,0.6,1000,1990/8/7,7.2,Allansford
79086,8700,360,700,4500,16,24000,1988/5/27,7.1,Fairley
79270,140,6.7,15,110,5.8,700,1986/12/3,6.7,Moglonemby
79280,2700,120,130,2000,16,9700,1990/12/4,7.7,Cabarita
79619,560,62,34,430,16,2500,1991/6/26,7.7,Sunnycliffs
79655,1400,180,140,650,25,4800,1986/2/18,7.8,Broughton
79655,960,230,12,470,27,3400,1988/3/9,8.9,Broughton
79655,910,120,44,450,28,3200,1989/3/22,8.1,Broughton
79655,920,81,46,430,25,3100,1990/4/4,8.4,Broughton
79655,930,140,64,360,15,3300,1996/6/4,7.6,Broughton
79717,9300,180,1100,5900,25,26000,1989/12/6,6.4,Wirrate
79724,630,39,54,410,6.3,2600,1985/12/12,7.9,Mitiamo
79784,85,27,22,35,4,660,1974/2/26,8.12,Thorpdale
79857,170,4.2,9,170,4.3,840,1990/2/5,7,Tamleugh
79919,3800,610,0.5,2000,22,13000,1988/8/25,12,Mologa
79928,12,1,1,9,3,81,1975/2/7,5.69,Monbulk
79928,14,2,2,12,2,161,1975/3/5,6.68,Monbulk
79928,13,1,2,11,2,57,1975/3/5,6.68,Monbulk
79928,13,1,1,9,1,74,1975/7/23,6.48,Monbulk
79928,16,1,1,12,1,90,1977/12/22,5.67,Monbulk
79928,11,1.3,0.7,6.7,0.1,53,1985/4/15,5.8,Monbulk
79930,22,2,1,16,2,228,1977/7/1,6.6,Mount Dandenong
79930,26,5.8,1.9,16,0.9,230,1985/4/16,6.3,Mount Dandenong
80230,37,13,3.1,30,3.2,230,1989/12/13,7.6,Chapple Vale
80230,34,1,2,30,5,199,2009/4/29,6.43,Chapple Vale
80239,9300,360,1400,4900,43,26000,1990/3/20,6.7,Moora
80245,187,23,16,103,10,875,1973/4/11,6.74,Beaumaris
80245,723,84,58,323,21,2466,1973/4/11,6.74,Beaumaris
80245,515,124,34,404,1,2640,1974/1/16,7.88,Beaumaris
80245,488,115,33,397,1,2510,1976/2/18,8.18,Beaumaris
80245,479,113,32,405,1,2540,1977/2/11,8.04,Beaumaris
80245,440,28,28,370,0.7,2400,1983/3/11,7.3,Beaumaris
80245,410,91,29,380,0.5,2300,1983/8/10,7.9,Beaumaris
80245,410,91,29,380,0.5,2300,1983/8/10,7.9,Beaumaris
80245,410,91,29,380,0.5,2300,1983/8/10,7.9,Beaumaris
80245,410,89,24,340,0.1,2200,1986/10/27,7.8,Beaumaris
80245,410,100,27,350,0.2,2300,1986/4/15,7.9,Beaumaris
80245,400,81,25,350,0.1,2200,1987/4/1,7.5,Beaumaris
80245,410,96,25,340,1,2200,1987/9/9,7.6,Beaumaris
80245,400,95,25,340,1.1,2100,1988/12/1,8.1,Beaumaris
80245,400,95,26,340,0.5,2200,1988/4/27,7.8,Beaumaris
80245,400,92,24,330,0.5,2200,1989/5/8,7.5,Beaumaris
80245,410,96,25,340,0.5,2300,1990/1/3,7.9,Beaumaris
80245,410,95,24,320,0.5,2200,1990/11/23,7.4,Beaumaris
80245,410,100,27,350,0.5,2000,1990/5/4,7.4,Beaumaris
80245,260,80,18,220,4,1500,1991/12/4,7.5,Beaumaris
80245,410,120,26,340,2.2,2200,1991/5/8,7.3,Beaumaris
80749,290,5.6,23,180,8.8,1100,1988/4/21,6.4,Graytown
81072,793,23,77,449,5,2860,1981/12/16,8,Mooroopna North
81072,3240,117,401,1530,8,9850,1982/3/6,7.5,Mooroopna North
81072,3400,150,420,1500,8,10000,1984/6/27,7.1,Mooroopna North
81072,3500,140,420,1500,4,10000,1986/12/9,6.9,Mooroopna North
81436,43,4,9,37,1,338,1976/5/20,4.29,Clarinda
81436,147,5,19,88,5,687,1977/10/12,5.64,Clarinda
81436,33,1,13,30,1,285,1977/10/12,5.64,Clarinda
81436,31,1,13,31,1,287,1977/3/16,5.3,Clarinda
81436,36,1,15,30,1,330,1978/2/28,5.5,Clarinda
81436,32,1,7,28,1,229,1980/1/9,5.58,Clarinda
81436,31,1,6,29,2,225,1980/7/30,6.4,Clarinda
81436,30,3,7,28,3,245,1981/1/27,7.25,Clarinda
81436,34,1,12,29,1,273,1981/9/18,6.01,Clarinda
81436,23,1.6,6.8,31,1.7,210,1985/3/15,6,Clarinda
81436,28,13,6.7,26,1.6,250,1985/9/25,6.8,Clarinda
81436,29,0.8,6.2,24,1.8,200,1986/10/31,5.8,Clarinda
81436,31,0.7,5.7,28,0.7,190,1986/4/16,5.7,Clarinda
81436,27,1.4,5.1,25,0.1,180,1987/4/2,5.4,Clarinda
81436,27,0.8,4.8,23,0.3,220,1987/9/28,6.1,Clarinda
81436,27,0.8,4.9,23,0.6,180,1988/12/1,6.8,Clarinda
81436,27,1.5,5.1,25,0.5,180,1988/4/28,5.4,Clarinda
81436,27,0.6,4.4,23,1.1,180,1989/5/8,5.6,Clarinda
81436,26,1.2,3.7,23,1.8,170,1990/11/23,6.1,Clarinda
81436,26,0.7,3.7,21,1,170,1990/5/7,5.4,Clarinda
81436,25,1.4,3.9,22,1.5,170,1991/11/22,6.2,Clarinda
81436,27,1.3,4.2,23,0.9,180,1991/5/8,5.5,Clarinda
81998,166,2,2,358,11,1455,1980/1/10,8.46,Gorae West
81998,162,2,2,356,11,1440,1980/1/10,8.46,Gorae West
81998,163,2,2,358,11,1445,1980/1/10,8.46,Gorae West
81998,163,2,2,358,11,1445,1980/1/10,8.46,Gorae West
81998,162,2,2,354,11,1450,1980/1/10,8.46,Gorae West
81998,164,3,2,349,11,1525,1980/1/10,8.46,Gorae West
81998,166,2,2,361,11,1455,1980/1/11,8.45,Gorae West
81998,164,4,2,356,11,1455,1980/1/11,8.45,Gorae West
81998,173,2,2,361,11,1510,1980/1/11,8.45,Gorae West
81998,162,2,2,350,11,1445,1980/1/9,8.38,Gorae West
81998,173,2,2,358,11,1510,1980/1/9,8.38,Gorae West
81998,164,2,2,353,11,1445,1980/7/1,8.25,Gorae West
82513,3000,180,290,1700,6.8,10000,1986/4/14,7.5,Mundoona
82513,3000,180,290,1700,6.8,10000,1986/4/14,7.5,Mundoona
82513,1500,85,120,930,8,5500,1986/4/26,7.6,Mundoona
82513,1500,85,120,930,8,5500,1986/4/26,7.6,Mundoona
82513,1600,94,130,1000,8.6,5900,1986/4/28,7.9,Mundoona
82513,2400,120,200,1300,12,8000,1986/4/30,7.8,Mundoona
82513,2400,120,200,1300,12,8000,1986/4/30,7.8,Mundoona
82513,2600,130,210,1500,14,8000,1986/5/28,7.8,Mundoona
82513,2600,130,210,1500,14,8000,1986/5/28,7.8,Mundoona
82513,2600,140,230,1400,12,8600,1986/6/26,8,Mundoona
82513,2800,140,240,1500,12,8600,1987/1/8,7.2,Mundoona
82513,2940,112,241,1380,17,8700,2012/12/10,7.59,Mundoona
82540,14000,390,1200,7000,54,36000,1988/1/20,6,Murchison
82751,3200,97,230,1800,19,10000,1987/4/8,7.1,Teal Point
82759,15000,910,1500,7600,11,41000,1987/3/17,6.9,Myall
82762,4200,190,310,2400,7.3,13000,1988/7/19,6.2,Murrabit
82845,82,7.3,2.4,54,2.4,350,1987/1/29,9,Murroon
82999,350,31,49,190,5.6,1400,1986/2/7,7.7,Fosterville
82999,490,50,85,270,7.7,2100,1986/3/13,8.3,Fosterville
83006,370,42,71,130,4.7,1500,1991/8/29,7.3,Barnadown
83232,5,2.4,2.1,4.5,1.5,58,1987/11/25,6.6,Myrtleford
83459,360,120,22,200,0.7,1700,1988/3/30,7.6,Lindsay
83459,340,100,21,200,1.8,1700,1989/4/12,7.9,Lindsay
83459,350,110,20,190,0.8,1800,1990/4/11,7.6,Lindsay
83459,290,46,15,180,2.9,1300,1993/3/4,7.3,Lindsay
83459,330,110,19,190,1,1700,1996/3/21,7.7,Lindsay
83459,287,110,18,186,1,1440,2002/3/5,7.3,Lindsay
83459,360,120,23,200,1.4,1700,2008/9/8,7.3,Lindsay
83729,910,150,55,550,3,3600,1987/10/8,7.9,Nangeela
83729,840,170,48,540,0.5,3500,1988/3/30,7.5,Nangeela
83729,840,160,46,510,1.4,3500,1989/3/8,7.3,Nangeela
83729,370,24,13,310,0.5,1800,1990/4/11,6.9,Nangeela
83729,370,63,15,300,0.5,1900,1993/3/3,7.2,Nangeela
83729,610,110,31,380,0.5,2700,1996/3/21,7.4,Nangeela
83758,590,46,66,1100,9.6,5000,1987/3/18,7.5,Nanneella
83758,1600,48,93,1100,19,5600,1987/3/19,7.3,Nanneella
83758,1000,35,62,690,13,3900,1987/3/26,7.8,Nanneella
83758,560,47,66,1100,8.6,4900,1987/3/8,8,Nanneella
83758,910,34,53,620,12,3500,1987/4/7,7.7,Nanneella
83758,1159.865,367.8,76,575,15.89,3615,2003/7/24,7.14,Nanneella
84016,1982,91,181,1167,9,6850,1974/7/2,7.01,Picola West
84016,2400,12,160,1400,8.4,7500,1984/11/27,8.7,Picola West
84016,3200,62,63,1700,19,8500,2018/10/29,8.58,Picola West
84016,2900,63,65,1800,19,8600,2018/3/8,8.36,Picola West
84016,2800,58,57,1600,19,8300,2019/10/23,8.01,Picola West
84156,50,21,10,57,9,466,1972/12/18,8.15,Hernes Oak
84288,150,57,18,98,11,910,1984/4/27,8.2,Curdie Vale
84288,150,68,18,99,15,970,1984/4/28,8.1,Curdie Vale
84288,150,73,18,99,11,980,1984/4/28,8.1,Curdie Vale
84288,150,78,17,97,8,1000,1984/5/1,7.7,Curdie Vale
84745,2300,170,190,1200,22,7300,1988/4/18,7.8,Natimuk
84745,70,44,17,200,7.1,1200,1989/9/12,8.1,Natimuk
84796,470,40,66,1800,38,12000,1984/3/14,7.8,Neereman
84796,54,19,10,45,3.6,400,1984/5/1,8.1,Neereman
84883,222,76,30,122,3,1210,1977/11/25,7.83,Rye
84883,750,106,62,401,8,2950,1978/5/2,8.15,Rye
84883,100,80,33,91,4,1020,1980/6/19,8.2,Rye
84883,67,95,32,71,1.3,970,1987/8/5,7.5,Rye
84883,600,100,47,310,6.2,2400,1988/3/22,7.9,Rye
84885,2132,135,144,1137,27,7200,1978/3/17,7.65,St Andrews Beach
84885,234,36,17,131,6,1000,1980/6/19,7.1,St Andrews Beach
84891,1782,119,125,953,33,6000,1980/6/19,8,Sorrento
84891,11000,280,750,6200,220,30000,1987/8/6,7.6,Sorrento
84891,1400,120,110,850,28,4600,1988/3/24,8.3,Sorrento
84891,20200,430,1340,11300,466,52900,2009/9/23,7.42,Sorrento
84892,18600,629,1210,10080,400,46500,1980/9/10,7.75,Blairgowrie
84892,15075,479,928,8436,339,39400,1980/9/16,7.7,Blairgowrie
84892,10800,422,704,5984,290,30300,1980/9/8,7.45,Blairgowrie
86174,920,27,97,650,3.2,4000,1986/5/15,8,Northwood
86174,1000,73,93,540,5.2,3700,1986/5/16,4.8,Northwood
86174,820,95,90,400,5.1,3100,1986/5/22,6.8,Northwood
86174,940,110,120,420,6.5,3400,1986/5/22,6.8,Northwood
86174,1100,70,96,510,4.6,3800,1986/7/1,5.9,Northwood
86174,1100,55,95,580,4.1,3900,1988/7/7,6.2,Northwood
86197,1300,76,71,630,130,4500,1985/11/5,7.9,Mepunga East
86197,1300,76,70,620,130,4400,1985/11/5,7.9,Mepunga East
86197,1300,76,70,620,130,4500,1985/11/5,7.9,Mepunga East
86197,1200,80,64,590,110,4000,1985/11/6,7.95,Mepunga East
86197,1300,75,70,630,130,4400,1985/11/6,7.95,Mepunga East
86197,1300,76,70,630,130,4400,1985/11/6,7.95,Mepunga East
86197,1200,79,63,570,110,4000,1985/11/6,7.95,Mepunga East
86885,56000,1100,3200,28000,510,120000,1991/7/8,5.5,Ouyen
86885,84000,1000,4500,42000,580,140000,1992/9/30,5.5,Ouyen
87940,30600,590,2440,15900,126,74900,2011/12/13,6.78,Swan Hill
88274,1,3,5,4,1,72,2009/6/17,6.07,Porepunkah
88746,51,0.4,4.5,48,1,240,1984/8/24,7.2,Pranjip
89048,4300,330,240,2200,56,13000,1991/8/27,9.7,Weerite
90121,2200,210,180,1300,9,8000,1986/5/1,7.4,St James
90121,2200,210,180,1300,9,8000,1986/5/1,7.4,St James
90121,2400,230,180,1400,7.1,8300,1986/5/2,7.8,St James
90121,2400,230,180,1400,7.1,8300,1986/5/2,7.8,St James
90149,96,26,6.1,63,10,500,1987/3/6,7.8,Longford
90149,85,9,5,49,9,447,2009/7/6,8.78,Longford
90614,410,2.8,5.7,400,30,2000,1986/11/20,9.1,Seacombe
90614,390,2.6,4.9,400,30,2000,1987/3/4,9.1,Seacombe
90778,130,17,36,190,8.4,1100,1986/5/1,7.7,Seymour
90778,73,12,9.1,42,3.5,360,1986/5/5,6.6,Seymour
90778,28,8.3,7.5,99,2.5,490,1986/5/8,7.45,Seymour
90778,32,3.8,4.2,40,3.2,240,1986/5/8,7.45,Seymour
90778,70,20,7.9,51,2.7,380,1986/7/1,7,Seymour
90778,100,15,14,67,3.4,540,1988/7/7,6.5,Seymour
90895,2000,74,150,1100,11,6300,1986/11/14,8.2,Grahamvale
90895,2000,80,160,1200,12,6500,1986/2/27,7.6,Grahamvale
90895,2000,80,150,1200,10,6400,1986/2/27,7.6,Grahamvale
90895,3100,160,240,1500,4.7,9400,1986/2/6,6.9,Grahamvale
90895,3100,190,280,1700,4.7,9500,1986/2/6,6.9,Grahamvale
90895,1500,72,91,1100,2.4,5700,1986/2/6,6.9,Grahamvale
90895,1500,68,96,1100,2.4,5700,1986/2/6,6.9,Grahamvale
90895,1900,87,150,1100,12,6500,1986/3/12,7.4,Grahamvale
90895,1900,72,140,1100,13,6500,1986/3/12,7.4,Grahamvale
90895,1900,87,150,1100,12,6500,1986/3/12,7.4,Grahamvale
90895,1900,72,140,1100,13,6500,1986/3/12,7.4,Grahamvale
90895,2000,79,160,1200,13,6600,1986/3/14,7.4,Grahamvale
90895,2000,75,150,1100,12,6700,1986/3/14,7.4,Grahamvale
90895,2000,79,160,1200,13,6600,1986/3/14,7.4,Grahamvale
90895,2000,75,150,1100,12,6700,1986/3/14,7.4,Grahamvale
90895,1800,110,150,1100,12,6400,1986/3/19,7.75,Grahamvale
90895,1800,76,150,1100,12,6300,1986/3/19,7.75,Grahamvale
90895,1800,110,150,1100,12,6400,1986/3/19,7.75,Grahamvale
90895,1800,76,150,1100,12,6300,1986/3/19,7.75,Grahamvale
90895,1900,74,150,1100,13,6600,1986/3/4,7.45,Grahamvale
90895,1900,72,150,1100,13,6600,1986/3/4,7.45,Grahamvale
90895,1900,74,150,1100,13,6600,1986/3/4,7.45,Grahamvale
90895,1900,72,150,1100,13,6600,1986/3/4,7.45,Grahamvale
90895,1400,66,110,750,4.5,4700,1986/9/10,7.9,Grahamvale
91025,21000,592,1482,11525,432,54467,1969/5/12,7,Warneet
91025,21500,613,1459,11675,432,52438,1969/5/13,6.8,Warneet
91025,19070,395,1246,10096,384,49689,1971/1/12,7.3,Warneet
91025,20130,714,1248,10755,353,51900,1975/3/12,7.39,Warneet
91025,20410,460,1332,11198,425,52100,1975/5/20,7.19,Warneet
91025,20470,556,1328,11152,379,52100,1975/6/19,7.35,Warneet
91025,20380,594,1305,11168,325,51900,1975/7/14,7.49,Warneet
91025,20620,620,1326,11321,370,53000,1975/8/18,7.61,Warneet
91025,20030,631,1333,11140,370,52500,1975/9/17,7.24,Warneet
91025,19950,753,1277,10927,343,50000,1976/1/13,7.5,Warneet
91025,20300,746,1311,11026,333,52000,1976/2/10,7.28,Warneet
91025,20140,758,1304,11094,330,52000,1976/3/30,7.25,Warneet
91025,20000,648,966,10812,250,48600,1977/11/29,8.1,Warneet
91025,20140,658,969,10860,334,48500,1977/8/30,8.19,Warneet
91025,20625,817,1302,11000,310,53000,1978/12/12,7.4,Warneet
91025,20080,636,934,11044,330,50000,1978/4/5,7.88,Warneet
91025,20140,671,955,10695,300,50150,1978/5/2,8,Warneet
91025,20160,606,920,11000,320,50180,1978/7/7,8.2,Warneet
91025,20150,614,892,10911,342,50500,1978/9/12,8.24,Warneet
91025,20680,864,1402,10945,340,50250,1979/5/17,7.22,Warneet
91025,20000,940,1300,12000,310,54000,1983/8/10,6.5,Warneet
91026,556,86,55,385,5,2699,1969/5/24,7.6,Blind Bight
91026,653,5,11,462,3,2417,1971/1/12,9.1,Blind Bight
91026,713,117,54,419,3,2900,1974/10/8,7.83,Blind Bight
91026,709,97,52,444,3,2960,1975/3/12,8.41,Blind Bight
91026,709,80,55,435,3,2890,1975/4/14,8.35,Blind Bight
91026,719,69,53,436,3,2980,1975/5/20,8.29,Blind Bight
91026,691,78,52,420,3,2750,1975/6/18,8.53,Blind Bight
91026,712,60,54,432,3,2690,1975/7/14,8.14,Blind Bight
91026,727,65,50,439,4,2800,1975/8/18,8.4,Blind Bight
91026,708,81,52,426,3,2870,1975/9/17,8.25,Blind Bight
91026,711,62,53,427,4,3140,1976/1/14,8.4,Blind Bight
91026,711,73,53,440,3,3250,1976/2/10,8.39,Blind Bight
91026,700,79,51,439,4,3200,1976/3/30,8.37,Blind Bight
91026,713,5,41,454,3,2580,1977/11/29,9.45,Blind Bight
91026,701,5,29,454,3,2450,1978/2/9,9.02,Blind Bight
91026,730,8,15,458,3,2900,1978/4/5,7.82,Blind Bight
91026,737,7,41,458,4,2710,1978/5/2,8.86,Blind Bight
91026,794,6,43,483,4,2915,1978/7/6,8.62,Blind Bight
91026,732,7,43,457,3,2390,1978/9/12,8.52,Blind Bight
91026,729,99,57,429,4,2840,1979/2/20,8.15,Blind Bight
91026,702,137,55,407,3,3070,1979/4/30,8.01,Blind Bight
91076,4200,140,446,1860,5,12100,1980/5/26,7.15,Devon Meadows
91076,2900,140,320,1400,25,9200,1983/6/15,7.4,Devon Meadows
91076,310,20,37,220,4.2,1400,1983/8/10,7.3,Devon Meadows
91081,20,1.9,6.1,18,2.1,160,1987/9/30,6.3,Botanic Ridge
91081,24,10,12,19,1,240,1988/11/30,8.1,Botanic Ridge
91081,20,1.9,7.1,17,1.3,150,1988/4/19,5.7,Botanic Ridge
91081,23,44,11,17,0.5,370,1989/12/12,6.5,Botanic Ridge
91081,23,6.6,9.2,15,0.7,200,1989/5/11,6.5,Botanic Ridge
91081,28,17,20,23,0.8,360,1990/11/21,6.6,Botanic Ridge
91081,28,19,17,21,1,330,1990/5/17,6.2,Botanic Ridge
91081,24,14,20,21,1,320,1991/11/13,6.7,Botanic Ridge
91081,24,17,17,21,1.5,300,1991/5/8,6.3,Botanic Ridge
91081,30,15,27,21,2,485,2009/6/22,6.5,Botanic Ridge
92124,248,37,36,123,5,1145,1978/9/19,6.99,Newstead
92175,32,4.3,5.4,19,2.1,170,1987/3/5,7.6,Bushy Park
92296,67,3.1,9.1,38,2.6,300,1991/4/25,6.5,Llowalong
92716,290,28,35,160,2,1200,1984/8/24,7.4,Tabilk
92716,290,24,32,160,2.1,1200,1986/11/12,7.2,Tabilk
93380,12,7,6,25,4,215,1969/9/18,7.7,Mount Alfred
93380,14,8.4,6.8,27,3.4,220,1986/4/8,7.4,Mount Alfred
93566,3770,101,351,2617,14,13200,1981/3/20,8.2,Wyuna
93566,1180,28,89,716,6,4100,1981/5/26,7.85,Wyuna
93566,1700,47,145,993,7,5700,1981/5/26,7.85,Wyuna
93566,2570,70,213,1464,10,8350,1981/6/10,7.8,Wyuna
93566,2100,51,170,1192,8,6810,1981/6/3,8,Wyuna
93566,3770,101,351,2617,14,13200,1981/7/31,8.05,Wyuna
93566,1180,28,89,716,6,4100,1981/7/31,8.05,Wyuna
93566,1700,47,145,993,7,5700,1981/7/31,8.05,Wyuna
93566,2100,51,170,1192,8,6810,1981/7/31,8.05,Wyuna
93566,2570,70,213,1464,10,8350,1981/7/31,8.05,Wyuna
93566,2030,82,147,1170,13,6800,1981/7/31,8.05,Wyuna
93566,430,17,22,340,6.1,2000,1984/7/17,8.2,Wyuna
93566,1700,67,120,930,12,5700,1986/10/27,7.6,Wyuna
93566,2900,88,240,1600,9.9,9000,1986/11/27,7.5,Wyuna
93794,284,4,5,404,16,1830,1975/7/31,8.49,Cape Bridgewater
93794,283,21,10,376,14,1820,1975/7/31,8.49,Cape Bridgewater
93794,276,4,4,405,16,1825,1975/7/31,8.49,Cape Bridgewater
93794,276,4,4,405,16,1830,1975/7/31,8.49,Cape Bridgewater
95032,5760,297,501,3310,63,18000,2011/12/5,7.01,Lake Marmal
95039,6820,234,503,3120,49,19700,2011/12/7,5.22,Terrick Terrick
95088,3100,150,180,1900,13,10000,1988/4/12,7.5,Tungamah
95513,11000,380,440,6000,150,30000,1986/10/8,7.05,Tol Tol
95513,11000,380,450,6200,150,30000,1986/10/8,7.05,Tol Tol
95758,150,17,15,100,4.2,670,1989/9/12,6.3,Duchembegarra
95920,1100,8.4,55,850,1.6,4500,1988/4/18,5.9,Harston
96558,7000,360,530,3400,8.9,19000,1987/8/19,7.7,Tragowel
96560,140,17,15,98,4,730,1978/7/6,7.88,Traralgon
96560,139,17,15,97,4,710,1978/7/7,7.65,Traralgon
96560,138,17,15,94,4,710,1978/9/25,7.99,Traralgon
96883,2391,15,191,1383,37,7832,1972/9/28,8.6,Altona
96883,3500,94,440,1700,49,11000,1985/10/23,8.1,Altona
96883,3200,78,380,1600,44,11000,1985/4/3,7.7,Altona
96883,3700,99,470,1900,49,11000,1986/11/7,7.9,Altona
96883,3800,98,470,1800,47,11000,1986/4/30,8.1,Altona
96883,3100,97,480,1900,50,12000,1987/4/10,7.8,Altona
96883,4000,120,580,2100,54,12000,1988/1/13,8,Altona
96883,4100,110,520,1900,47,13000,1988/11/29,8.2,Altona
96883,3900,120,560,2100,56,12000,1988/5/3,7.8,Altona
96883,4200,110,530,2000,52,13000,1989/12/12,7.8,Altona
96883,4100,110,540,2000,52,13000,1989/5/11,7.8,Altona
96883,4200,110,530,1900,51,13000,1990/11/19,7.8,Altona
96883,4200,120,580,2100,56,13000,1991/11/12,7.9,Altona
96883,4100,110,500,1800,48,13000,1991/5/8,7.7,Altona
96883,4300,110,540,2000,52,13000,1992/12/10,7.7,Altona
96900,1100,46,190,490,15,4100,1984/6/4,7.7,Truganina
96900,1100,46,190,510,15,4200,1985/10/24,8.3,Truganina
96900,1100,43,180,490,15,4200,1985/5/8,7.8,Truganina
96900,1100,47,200,550,16,4300,1986/11/5,8.2,Truganina
96900,1100,48,200,560,17,4200,1986/4/30,8.1,Truganina
96900,1200,47,200,540,16,4200,1987/4/9,8.2,Truganina
96900,1000,42,180,490,15,3900,1987/9/18,8.3,Truganina
96900,970,42,180,480,15,3900,1988/11/29,8.6,Truganina
96900,1000,44,190,510,16,3900,1988/4/14,8.2,Truganina
96900,1100,41,190,550,24,4300,1989/12/12,8.1,Truganina
96900,1100,42,180,490,15,3900,1989/5/10,8.2,Truganina
96900,1100,42,180,470,15,4100,1990/11/20,8.2,Truganina
96900,1100,46,190,470,14,4200,1990/5/15,8,Truganina
96900,1100,47,200,520,17,4200,1991/11/12,8.1,Truganina
96900,1100,46,190,490,17,4100,1991/5/8,8,Truganina
96900,1100,50,210,550,17,4200,1992/12/8,7.9,Truganina
97004,387,20,26,440,5,2200,1981/1/29,7.9,Melbourne Airport
97004,580,27,40,480,5.2,2800,1984/10/30,8,Melbourne Airport
97004,400,19,27,410,4,2200,1984/4/16,8.4,Melbourne Airport
97004,300,16,23,410,4.6,2000,1984/8/4,7.9,Melbourne Airport
97004,710,35,56,590,5,3200,1985/3/4,7.8,Melbourne Airport
97004,740,28,42,540,4.9,2900,1986/12/23,8,Melbourne Airport
97004,630,27,41,520,4.4,2700,1986/4/11,7.9,Melbourne Airport
97004,740,31,46,560,5.3,3000,1987/11/30,7.8,Melbourne Airport
97004,700,33,48,570,5.1,3000,1987/5/11,7.9,Melbourne Airport
97004,830,38,57,610,8.8,3300,1988/11/15,8.2,Melbourne Airport
97004,770,34,55,570,5.4,3200,1988/5/25,8.2,Melbourne Airport
97004,1100,47,71,660,6.7,4000,1989/5/17,8,Melbourne Airport
97004,880,40,58,610,6.4,3500,1990/1/16,8.2,Melbourne Airport
97004,950,45,65,650,6.1,3600,1990/11/15,8,Melbourne Airport
97004,1000,43,69,660,6.7,3900,1990/8/1,8,Melbourne Airport
97004,970,44,67,640,7.7,3700,1991/11/27,8,Melbourne Airport
97225,750,139,55,345,6,2820,1978/12/19,7.82,Pearcedale
97225,752,111,74,371,14,2950,1978/8/22,7.96,Pearcedale
97225,877,177,63,428,5,3448,1978/8/22,7.96,Pearcedale
97225,942,179,69,455,6,3645,1978/8/22,7.96,Pearcedale
97225,979,215,67,472,4,3800,1979/5/23,8.1,Pearcedale
97225,1000,150,66,500,4,3900,1983/6/23,7.8,Pearcedale
97225,1000,220,78,510,4,4000,1983/8/10,7.2,Pearcedale
97227,615,188,34,230,4,2350,1978/12/19,7.6,Tyabb
97227,680,160,32,308,4,2590,1978/12/6,8,Tyabb
97227,591,171,31,217,4,2210,1978/12/6,8,Tyabb
97227,614,182,34,224,4,2350,1979/5/23,7.51,Tyabb
97227,790,210,34,310,3.6,2900,1983/6/23,8,Tyabb
97227,760,230,38,300,4,2900,1983/8/2,7.2,Tyabb
97603,12000,740,980,6400,72,34000,1989/4/12,7.2,Ultima
97613,500,25,32,320,5.1,2100,1987/10/22,7.2,Yalca
97613,500,25,32,320,5.1,2100,1987/10/22,7.2,Yalca
97613,340,17,20,250,5,1500,1987/10/23,7.57,Yalca
97613,320,12,20,250,3.7,1500,1987/10/23,7.57,Yalca
97613,430,21,33,280,4.5,1800,1987/10/23,7.57,Yalca
97613,340,17,20,250,5,1500,1987/10/23,7.57,Yalca
97613,320,12,20,250,3.7,1500,1987/10/23,7.57,Yalca
97613,430,21,33,280,4.5,1800,1987/10/23,7.57,Yalca
97613,370,17,29,250,3.5,1600,1987/10/26,8,Yalca
97613,390,20,35,260,3.1,1700,1987/10/26,8,Yalca
97613,370,17,29,250,3.3,1600,1987/10/26,8,Yalca
97613,370,17,29,250,3.5,1600,1987/10/26,8,Yalca
97613,390,20,35,260,3.1,1700,1987/10/26,8,Yalca
97613,370,17,29,250,3.3,1600,1987/10/26,8,Yalca
97613,430,21,32,300,4.4,1800,1987/11/13,7.7,Yalca
97613,420,26,40,240,3.4,1700,1987/9/17,7.43,Yalca
97613,630,51,74,290,4.5,2400,1987/9/17,7.43,Yalca
97613,500,35,50,270,3.6,2000,1987/9/17,7.43,Yalca
97613,420,26,40,240,3.4,1700,1987/9/17,7.43,Yalca
97613,630,51,74,290,4.5,2400,1987/9/17,7.43,Yalca
97613,500,35,50,270,3.6,2000,1987/9/17,7.43,Yalca
97613,610,47,61,350,3.7,2400,1987/9/9,7.9,Yalca
97613,610,47,61,350,3.7,2400,1987/9/9,7.9,Yalca
97739,3300,180,420,1700,11,11000,1986/3/12,7.2,Undera
97739,3500,170,400,1600,12,11000,1986/3/12,7.2,Undera
97739,1800,96,200,940,10,6400,1986/3/13,7.4,Undera
97739,1900,88,200,960,8.2,6300,1986/3/13,7.4,Undera
97739,1700,110,180,880,9.4,5900,1986/3/18,8.1,Undera
97739,1500,84,170,810,6.8,5400,1986/3/27,7.7,Undera
97739,87,9.8,18,110,25,710,1986/3/3,8.25,Undera
97739,87,9,18,110,26,720,1986/3/3,8.25,Undera
97739,5100,180,430,1700,17,16000,1986/3/5,7.3,Undera
97739,5300,260,630,2500,14,15000,1986/3/5,7.3,Undera
97842,6500,370,520,4100,19,21000,1986/8/11,5.9,Lower Norton
97842,6700,390,540,4000,24,21000,1991/4/30,4.7,Lower Norton
97856,5500,430,510,3200,46,17000,1987/11/21,7.9,Quantong
97856,5500,380,470,2800,46,17000,1989/9/12,7.7,Quantong
97869,970,29,120,560,7.6,3800,1990/8/16,8,Vite Vite North
97877,1100,5.1,150,670,20,4000,1992/8/20,8.7,Larralea
97994,160,16,14,110,3.1,740,1989/10/5,8.8,Cooriemungle
97995,160,26,12,74,13,680,1989/6/22,7.3,Princetown
98146,2400,24,180,1500,1.8,7700,1988/1/29,6.65,Goulburn Weir
98146,590,11,54,360,2.3,2100,1988/1/29,6.65,Goulburn Weir
98146,740,12,57,390,3.3,2500,1988/12/12,6.9,Goulburn Weir
98146,700,16,58,380,3.6,2400,1988/2/5,6.3,Goulburn Weir
98148,580,18,40,350,6,2300,1989/10/9,7.3,Wahring
98148,1000,67,140,490,4.6,3700,1989/7/27,7.9,Wahring
98309,4800,320,270,2500,43,15000,1989/9/14,7.8,Wallup
98363,16000,370,930,8700,140,43000,1991/7/9,7.4,Walpeup
98369,11610,101,1262,5772,19,31850,1974/12/10,5.86,Colbinabbin
98369,5300,190,700,3900,17,19000,1987/3/12,6.7,Colbinabbin
98369,11000,380,1400,5000,35,30000,1987/3/17,7.2,Colbinabbin
98369,11000,370,1400,4900,17,29000,1987/4/13,6.7,Colbinabbin
98398,423,50,78,109,4,1524,1975/3/17,7.8,Wandin North
98398,547,60,82,155,4,1830,1975/7/28,7.84,Wandin North
98398,266,61,26,123,3,1119,1976/1/9,8.21,Wandin North
98398,653,52,92,194,5,2100,1976/2/19,6.29,Wandin North
98398,576,49,79,177,4,1840,1977/12/22,6.62,Wandin North
98398,400,47,61,130,2.7,1500,1985/4/17,6.3,Wandin North
98402,57,7,12,39,13,417,1975/10/13,7.7,Wandin East
98402,41,20,22,44,3,450,1975/10/13,7.7,Wandin East
98402,53,3,5,32,1,240,1976/2/19,6.78,Wandin East
98402,45,18,20,43,3,454,1976/9/2,8.38,Wandin East
98402,67,6,12,43,1,335,1977/12/22,7.98,Wandin East
98402,90,40,9.3,48,0.3,510,1985/4/17,6.8,Wandin East
98408,30,7,8,18,3,350,1976/11/1,7.83,Silvan
98408,24,19,15,20,2,305,1976/11/1,7.83,Silvan
98408,24,17,14,20,2,303,1976/11/25,8.03,Silvan
98408,23,18,15,20,2,313,1976/11/25,8.03,Silvan
98408,36,9,6,22,4,208,1977/12/22,6.79,Silvan
98408,56,12,11,33,2.6,320,1985/4/17,6.9,Silvan
98409,41,21,6,40,4,399,1976/11/30,8.06,Mount Evelyn
98409,38,21,6,42,4,370,1976/11/30,8.06,Mount Evelyn
98409,71,8,4,30,2,300,1977/12/22,3.75,Mount Evelyn
98409,57,13,9,46,2.8,360,1985/4/16,6.5,Mount Evelyn
98873,5,3,5.5,34,1.3,190,1986/4/9,7.4,Wangaratta
98873,6,18,5.2,34,0.8,240,1987/5/7,7.6,Wangaratta
99102,179,12,22,160,3,1017,1970/4/16,7.8,Appin Park
99102,240,12,19,208,6,1231,1970/4/28,7.7,Appin Park
99102,64,8.2,11,110,5.5,650,1986/4/9,7.2,Appin Park
99102,65,12,9.7,110,0.4,600,1987/5/5,7.9,Appin Park
100023,7530,236,422,4255,130,22000,1980/7/16,7.8,Rosebud Plaza
100023,105,59,11,79,2,860,1980/7/17,7.8,Rosebud Plaza
100023,172,88,18,106,1,1070,1980/7/22,8.15,Rosebud Plaza
100023,171,88,16,108,1,1015,1980/7/24,7.95,Rosebud Plaza
100023,110,88,9.9,90,0.7,880,1987/8/4,7.6,Rosebud Plaza
100023,110,79,9.5,89,1.1,850,1988/3/22,7.6,Rosebud Plaza
100500,2600,72,180,1400,13,8100,1984/7/11,8.4,Pine Grove
100500,430,35,41,310,7.8,2000,1984/8/8,8.1,Pine Grove
100515,94,110,9.2,65,1.6,870,1988/4/14,8.1,Mumbannar
100515,140,100,8.7,63,3.6,880,1989/4/11,7.7,Mumbannar
100515,94,120,9.8,69,1.7,860,1990/3/29,7.8,Mumbannar
100515,110,110,9,66,2.2,940,1993/3/4,7.4,Mumbannar
100515,100,110,8.8,59,1.9,890,1996/3/22,7.6,Mumbannar
100515,91,100,11,67,3,860,2002/3/4,7.51,Mumbannar
100978,42,100,7.5,22,3.3,580,1991/4/28,8.1,Sandy Point
100978,37,110,8.4,24,3.8,650,1995/5/5,7.6,Sandy Point
101012,675,60,104,327,6,2600,1978/5/29,7.82,Wareek
101012,504,37,71,312,6,2100,1978/6/8,8.1,Wareek
101012,760,18,110,340,6.7,2800,1985/12/10,8.2,Wareek
101012,780,28,110,340,6.8,2700,1985/6/26,7.8,Wareek
101012,830,14,120,360,7.1,2800,1986/10/15,8.3,Wareek
101012,790,20,120,390,7.2,2800,1986/4/8,8.1,Wareek
101012,870,20,120,360,7.4,2800,1987/10/13,8,Wareek
101012,820,16,110,350,7.6,2800,1987/3/11,8,Wareek
102865,124,10,9,77,6,563,1972/5/16,6.33,Whoorel
102865,128,10,9,76,6,587,1972/5/17,6.33,Whoorel
102865,552,97,82,268,34,2588,1972/5/5,7.42,Whoorel
102865,553,102,84,268,34,3832,1972/5/5,7.42,Whoorel
103354,420,74,36,250,9,1800,1986/12/8,8,Yanac
103354,570,4.4,19,420,13,2200,1988/3/29,10.2,Yanac
103354,600,4.4,15,440,16,2300,1989/3/31,10.1,Yanac
103354,590,3,16,420,13,2200,1990/4/4,9.7,Yanac
103877,74,19,2.7,69,8.5,500,1989/5/3,8.2,Kennedys Creek
103877,74,19,2.7,69,8.5,500,1989/5/3,8.2,Kennedys Creek
103893,2900,86,41,1800,24,9500,1991/7/8,8.4,Ballapur
104093,106,92,83,216,8,1800,1975/7/6,8.35,Hepburn Springs
104093,62,26,34,67,3,685,1980/6/12,7.2,Hepburn Springs
104101,155,83,96,289,4,2140,1976/5/18,8.05,Basalt
104101,180,95,98,245,7,1970,1976/7/16,6.35,Basalt
104101,146,116,104,273,8,2205,1976/7/17,6.67,Basalt
104101,132,130,108,289,8,2340,1976/7/18,6.95,Basalt
104101,114,130,108,296,8,2310,1976/7/19,6.46,Basalt
104101,110,131,107,290,8,2305,1976/7/20,6.65,Basalt
104101,106,126,106,302,8,2350,1976/7/21,6.91,Basalt
104101,104,130,105,295,8,2340,1976/7/22,6.83,Basalt
104101,101,127,105,295,8,2355,1976/7/23,6.9,Basalt
104101,98,128,103,289,8,2340,1976/7/24,6.59,Basalt
104101,98,127,104,290,8,2370,1976/7/25,7.02,Basalt
104101,96,125,102,284,8,2310,1976/7/26,6.79,Basalt
104101,96,124,102,292,8,2308,1976/7/27,7.5,Basalt
104101,219,75,89,200,5,1790,1976/7/8,6.22,Basalt
104101,173,105,97,245,8,2045,1976/7/8,6.22,Basalt
104101,160,105,99,256,7,2150,1980/7/28,6.38,Basalt
104101,203,82,83,200,6,1850,1980/7/28,6.38,Basalt
104101,198,80,86,205,6,1750,1980/7/28,6.38,Basalt
104101,203,78,85,204,10,1770,1980/7/28,6.38,Basalt
104271,1782,137,129,1017,11,5932,1971/7/15,7.8,Wombelano
104359,140,31,27,54,3.9,670,1984/6/8,8.2,Ashbourne
105548,99,11,5.4,69,5.5,460,1987/3/5,7.3,Wurruk
105664,17000,530,880,9200,180,46000,1991/6/18,7.7,Yaapeet
105702,9800,370,1200,6000,2.6,32000,1987/4/8,7.4,Lower Moira
105725,398,14,32,187,4,1463,1973/2/18,5.65,Mount Taylor
105725,333,14,27,158,6,1228,1973/2/9,6.7,Mount Taylor
105725,335,15,27,162,5,1178,1973/2/9,6.7,Mount Taylor
105730,318,23,19,271,34,1600,1973/10/29,7.86,Lucknow
105730,310,22,19,264,32,1600,1973/10/29,7.86,Lucknow
106102,128,12,10,83,10,689,1971/1/12,4.7,Caldermeade
106102,120,16,9,81,3,560,1977/11/30,8.09,Caldermeade
106102,120,12,9,79,3,534,1977/8/31,7.6,Caldermeade
106102,133,12,9,89,3,610,1978/2/9,7.25,Caldermeade
106102,125,13,9,84,3,595,1978/4/4,7.51,Caldermeade
106102,126,13,9,78,3,570,1978/5/2,7.75,Caldermeade
106102,124,12,9,80,3,560,1978/7/6,7.6,Caldermeade
106102,164,13,11,105,3,700,1978/9/12,8,Caldermeade
106102,130,4,8,72,2,485,1979/5/23,7.58,Caldermeade
106102,210,13,6.8,140,6.1,810,2018/12/18,6.65,Caldermeade
106102,210,14,7.3,120,7.2,790,2019/10/9,6.78,Caldermeade
107474,243,46,44,138,4,1223,1975/10/21,8.1,Catani
107474,239,44,43,134,4,1219,1975/10/23,8.04,Catani
107474,1068,34,60,569,8,3500,1975/6/25,7.14,Catani
107474,1072,33,60,576,7,3530,1975/6/25,7.14,Catani
107474,250,43,46,137,4,1238,1975/7/23,8.1,Catani
107474,148,26,23,84,7,754,1975/7/29,8.17,Catani
107474,145,28,23,80,7,742,1975/9/2,8.2,Catani
107474,372,21,28,187,5,1283,1977/9/1,8.22,Catani
107474,255,46,46,141,4,1260,1978/12/15,8.21,Catani
107474,252,46,45,141,4,1260,1978/12/5,8.2,Catani
107474,353,14,32,184,4,1300,1978/5/3,7.95,Catani
107474,244,46,45,134,4,1228,1979/5/22,8.21,Catani
107474,247,48,44,135,4,1230,1980/3/27,8,Catani
107474,246,47,45,142,4,1220,1980/3/31,8.04,Catani
107474,246,47,45,136,4,1220,1980/4/2,8.1,Catani
107474,240,56,48,140,4,1300,1983/7/27,7.3,Catani
107474,240,50,44,140,4.1,1300,1983/8/9,7.8,Catani
107474,240,50,44,140,4.1,1300,1983/8/9,7.8,Catani
107474,219,37,40,143,4,1270,2009/6/23,7.78,Catani
107475,19,4,4,34,2,251,1976/7/13,7.2,Heath Hill
107475,141,14,13,76,6,585,1977/8/31,7.8,Heath Hill
107475,571,62,66,267,4,2140,1978/12/15,7.51,Heath Hill
107475,195,14,15,92,6,725,1978/5/3,7.32,Heath Hill
107475,468,57,59,203,4,1800,1979/5/22,7.9,Heath Hill
107475,52,8.6,7.4,63,1.2,410,1983/7/26,7,Heath Hill
107717,420,22,32,210,18,1500,1987/11/26,5.5,Bambra
107928,1300,67,95,840,23,4800,1990/3/13,7.3,Yarraberb
107928,5400,240,450,3000,54,17000,1990/8/14,6.9,Yarraberb
107972,70,39,15,54,12,599,1973/4/12,7.66,Moe
107972,72,39,15,55,11,600,1973/4/12,7.66,Moe
108352,5100,220,480,2900,22,16000,1989/3/6,7.9,Yarrawalla
108354,6840,268,549,3800,52,19800,2011/11/28,6.42,Durham Ox
108911,78,4.3,4.5,47,1.5,340,1991/7/16,5.7,Kawarren
108938,112,105,14,58,3,860,1982/9/9,7.7,Gellibrand
109044,140,15,8.1,87,5,590,1987/3/4,7.6,Munro
109113,170,4.2,7.6,98,2.8,610,1987/1/29,7.3,Yeo
109114,180,2.9,4.8,170,8.5,860,1987/1/30,9.3,Warncoort
109356,11270,655,1338,5531,63,32100,1980/10/8,6.95,Youanmite
109356,11270,684,1344,5505,60,32100,1980/10/8,6.95,Youanmite
109356,1440,85,102,874,8,5200,1980/12/11,7.6,Youanmite
109356,1500,2.8,29,1100,8.2,5000,1984/11/29,9.7,Youanmite
109511,1800,160,90,1800,90,8100,1988/12/14,7.6,Brooklyn
109511,860,120,410,2500,68,11000,1988/12/14,7.6,Brooklyn
109511,900,130,430,2500,71,11000,1988/5/12,7.1,Brooklyn
109511,2000,130,72,1400,69,7200,1988/5/12,7.1,Brooklyn
109511,1800,160,87,1500,88,8000,1989/5/15,7.4,Brooklyn
109511,840,120,410,2500,72,11000,1989/5/15,7.4,Brooklyn
109511,1900,140,79,1400,77,7700,1990/1/31,7.25,Brooklyn
109511,1100,98,390,2300,59,11000,1990/1/31,7.25,Brooklyn
109511,1900,150,85,1500,81,7700,1991/1/17,7.15,Brooklyn
109511,1100,94,400,2400,62,11000,1991/1/17,7.15,Brooklyn
109511,1800,160,85,1600,92,8100,1991/11/28,7.35,Brooklyn
109511,1500,110,470,2700,77,12000,1991/11/28,7.35,Brooklyn
109511,2500,110,460,2800,76,13000,1992/12/9,7,Brooklyn
109515,4470,73,417,2597,21,13162,1971/10/10,8.02,Derrimut
109515,3150,47,424,1555,19,9832,1971/10/10,8.02,Derrimut
109515,2870,56,398,1398,17,9169,1971/10/10,8.02,Derrimut
109515,2260,122,301,2532,26,12608,1971/4/26,8,Derrimut
109515,2290,108,309,2554,24,12272,1971/4/28,8.12,Derrimut
109515,280,70,500,670,32,6400,1985/5/17,7.3,Derrimut
109515,330,150,470,670,31,5800,1986/11/5,7.4,Derrimut
109515,300,160,470,650,30,6100,1986/5/2,7.6,Derrimut
109515,340,150,470,670,31,6000,1987/4/28,7.4,Derrimut
109515,440,130,410,770,29,5800,1988/12/14,8.2,Derrimut
109515,390,140,450,640,31,5800,1988/5/12,7.5,Derrimut
109515,450,130,430,610,31,5500,1989/5/15,8.4,Derrimut
109515,470,130,430,610,30,5900,1990/1/31,7.3,Derrimut
109515,550,110,370,540,26,5800,1990/11/29,7.4,Derrimut
109515,580,130,440,630,31,5800,1991/11/28,7.2,Derrimut
109521,3612,257,362,1738,16,11150,1981/5/19,7.8,Rochester
109521,6120,554,787,2671,22,18000,1981/6/5,7.25,Rochester
109521,2360,178,265,1030,15,8000,1981/6/5,7.25,Rochester
109521,4500,400,540,2100,19,14000,1984/6/28,7.5,Rochester
109521,4300,390,520,1900,18,14000,1984/6/28,7.5,Rochester
109554,15,5.9,5.1,22,3.7,160,1984/8/24,7.5,Karramomus
109554,20,12,11,33,6.8,300,1988/7/13,7.6,Karramomus
109556,791,54,98,479,5,3260,1974/8/3,7.92,Muckatah
109556,108,4,8,117,2,659,1974/8/3,7.92,Muckatah
109556,109,4,8,116,2,655,1974/8/3,7.92,Muckatah
109556,112,5,7,121,2,670,1974/8/3,7.92,Muckatah
109556,798,54,98,471,5,3150,1974/8/3,7.92,Muckatah
109556,114,5,7,122,3,650,1974/8/3,7.92,Muckatah
109570,5770,280,544,2935,35,17500,1979/5/14,7.31,Logan
109570,5780,270,541,2913,36,18000,1979/5/14,7.31,Logan
109570,5280,239,481,2900,26,16400,1980/12/10,7.75,Logan
109588,2600,78,340,1100,45,8300,1985/10/30,7.7,Sunshine North
109588,2500,38,170,570,23,80000,1985/5/9,7.7,Sunshine North
109588,2600,78,360,1200,52,8300,1986/11/5,7.8,Sunshine North
109588,2400,79,350,1100,45,8100,1986/5/2,7.7,Sunshine North
109588,2500,77,350,1200,46,8200,1987/4/28,7.8,Sunshine North
109588,2400,84,380,1200,50,8200,1988/12/15,7.7,Sunshine North
109588,2500,80,370,1200,49,8100,1988/5/12,7.8,Sunshine North
109588,2500,78,350,1100,47,8200,1989/5/15,7.7,Sunshine North
109588,2500,78,370,1200,48,8300,1990/1/31,7.7,Sunshine North
109588,2400,82,360,1100,45,8200,1990/11/22,7.5,Sunshine North
109588,2300,83,380,1200,50,8200,1991/11/21,7.4,Sunshine North
109588,2500,81,370,1200,47,8200,1992/12/9,7.5,Sunshine North
109588,2500,81,370,1200,47,8200,1992/12/9,7.5,Sunshine North
109607,2300,60,350,1100,38,7700,1987/1/12,8,Ardeer
109607,2400,110,330,1400,25,8200,1988/5/23,7.8,Ardeer
109607,2200,63,330,970,39,7600,1990/2/2,7.9,Ardeer
109607,2400,120,320,1300,24,8400,1991/1/18,7.5,Ardeer
109607,2200,61,340,1000,44,7500,1991/11/21,7.6,Ardeer
109607,2400,110,320,1300,27,8400,1991/11/21,7.6,Ardeer
109607,2200,110,310,1300,26,8000,1992/12/8,7.62,Ardeer
109607,2200,110,310,1300,26,8000,1992/12/8,7.62,Ardeer
109607,2200,110,310,1300,26,8000,1992/12/8,7.62,Ardeer
109607,2300,64,360,1100,46,7500,1992/12/8,7.62,Ardeer
109611,3350,126,253,1815,17,13340,1970/3/1,7.85,Jungaburra
109611,4070,127,321,2219,25,16240,1970/3/1,7.85,Jungaburra
109611,4590,45,366,2556,22,13280,1974/3/21,7.9,Jungaburra
109611,4065,16,308,2307,16,12399,1975/2/18,8.42,Jungaburra
109611,5130,40,424,2860,17,15370,1978/2/18,7.86,Jungaburra
109611,3380,15,218,1969,15,10000,1980/9/10,8.45,Jungaburra
109611,5090,36,407,2789,9,14600,1980/9/10,8.45,Jungaburra
109611,5040,30,421,2888,18,15150,1981/3/12,7.9,Jungaburra
109611,3330,15,233,1990,15,10400,1981/3/12,7.9,Jungaburra
109611,4960,31,401,2791,19,15000,1981/9/10,8.18,Jungaburra
109611,4960,46,414,2794,18,15000,1981/9/10,8.18,Jungaburra
109611,4800,56,430,2900,13,15000,1984/12/12,8.1,Jungaburra
109611,4900,160,420,2800,18,15000,1984/9/6,8.2,Jungaburra
109627,610,27,77,460,7.4,3500,1988/3/21,6.7,Lancaster
109627,2400,140,360,1600,7.1,9300,1988/3/6,7.05,Lancaster
109627,4300,270,690,2200,11,14000,1988/3/6,7.05,Lancaster
109627,1700,94,240,860,9.3,5500,1988/3/8,7.2,Lancaster
109627,840,36,91,410,6.3,2900,1988/3/9,7.7,Lancaster
109648,5600,260,790,2900,21,16000,1986/5/15,7.2,Muskerry
109654,12,5,3,11,4,121,1975/1/23,7.39,Lemnos
109685,4320,123,425,2340,27,12953,1971/3/26,7.92,Tarneit
109685,3600,96,330,2000,24,12000,1985/10/25,8.3,Tarneit
109685,3600,110,370,2100,27,12000,1985/5/15,7.8,Tarneit
109685,3900,110,360,2100,28,12000,1986/4/29,7.9,Tarneit
109685,4200,130,460,2500,29,13000,1988/11/30,8.2,Tarneit
109685,3800,100,360,2100,25,12000,1989/5/10,8.1,Tarneit
109689,2780,53,395,1330,4,8900,1975/6/6,7.35,Toolamba West
109762,1600,85,110,880,9.4,5500,1984/11/29,7.35,Waggarandall
109762,1600,95,110,920,7.8,5300,1984/11/29,7.35,Waggarandall
110180,7600,480,620,4100,51,22000,1991/9/18,7.8,Dumosa
110185,5050,250,390,2350,12,13600,2011/12/1,6.76,Dooboobetic
110720,21,38,5,64,2,468,1977/9/27,7.9,Woodside Beach
110720,17,17,3,22,1,205,1977/9/27,7.9,Woodside Beach
110721,1355,190,140,556,6,4560,1980/5/22,7.9,Jack River
110721,1364,187,142,556,5,4560,1980/5/22,7.9,Jack River
110721,1303,167,85,544,9,4150,1981/7/14,7.6,Jack River
110729,223,17,26,104,6,890,1982/7/16,7.7,Willow Grove
110870,9000,210,670,4900,57,25000,1988/1/13,7.6,Seaholme
110870,5500,120,450,3500,45,17000,1988/12/13,8.1,Seaholme
110870,5900,120,420,3800,45,18000,1988/5/11,7.6,Seaholme
110870,6100,120,410,3600,41,19000,1989/5/15,7.9,Seaholme
110870,7600,160,540,3900,47,23000,1990/11/27,7.5,Seaholme
110870,6200,140,450,3700,31,19000,1990/2/2,7.4,Seaholme
110870,8400,220,760,4700,60,25000,1992/1/22,7.5,Seaholme
110870,8800,230,790,4800,57,26000,1992/12/10,7.4,Seaholme
110874,4500,350,360,2200,28,13000,1992/12/9,7,Wooroonook
110985,400,67,40,280,3.2,2000,1992/4/28,7.4,Wool Wool
111053,4300,140,370,2400,22,14000,1992/2/14,7.9,Benalla
111231,350,22,28,240,8.5,1600,1992/5/12,7.5,Pomborneit
112202,7500,180,410,4200,62,22000,1992/8/8,8.2,Clear Lake
112230,1000,120,210,320,11,3500,1992/8/11,7.2,Tatyoon
112230,2000,75,260,1100,16,7300,1992/8/20,7.3,Tatyoon
112826,1700,200,280,710,22,6100,1911/11/11,7.7,Mortlake
113470,140,1,2.1,140,5.2,710,1994/3/1,8.9,Wensleydale
114155,120,20,16,190,19,1100,1995/5/4,8,Venus Bay
114167,110,6.4,6.7,84,1.7,520,1911/11/11,6.2,Barongarook
115732,1700,45,87,1200,54,6500,1993/6/2,8.1,Newmerella
115732,1300,34,78,1000,53,5400,2001/8/23,8,Newmerella
115732,1280,43,86,981,68,5980,2009/7/9,7.32,Newmerella
115869,880,29,66,430,20,3000,1994/6/30,7.2,Surf Beach
116460,55,3.2,0.5,82,11,520,1994/3/2,11,Moggs Creek
116460,95,12,4,37,1,435,2009/5/5,6.76,Moggs Creek
119330,56.2,25.7,37.9,44.1,6.3,645,1997/10/11,7.3,Dunnstown
119330,55.8,25.8,38.3,46.3,6.1,675,1997/7/14,7.5,Dunnstown
119334,550,110,129,128,3,2320,2009/9/8,7.6,Millbrook
119341,20,17,7.6,41,2.6,340,1993/11/26,7.4,Bullarook
119341,17.2,3.4,1.3,80.4,1.9,384,1997/10/11,7.7,Bullarook
119341,15.4,2.6,0.4,103,2.1,460,1997/7/14,8.4,Bullarook
119341,21,2,1,86,3,415,2009/9/8,8.11,Bullarook
119348,3300,190,220,1700,40,10000,1994/3/1,5.3,Bellbrae
119365,28,15,14,22,1,365,2010/2/25,7.03,Wallace
119377,75,12.5,4.4,92.3,5.1,509,1996/9/5,8.4,Langdons Hill
119377,132,24,12,97,16,745,2009/4/29,8.28,Langdons Hill
121019,150,17,17,120,2.6,800,1994/5/29,7.1,Weatherboard
121019,122,13,15,82,3,641,2009/4/30,6.94,Weatherboard
122152,98,23.8,28.2,92,3.7,656,1996/9/6,7.2,Tourello
122677,620,270,44,240,2.3,2600,1994/9/21,7.2,Grassdale
125274,290,10,22,170,0.9,1100,1995/11/22,6,Dingley Village
126975,3200,170,430,870,10,9300,2018/11/28,6.41,Clyde North
126975,3300,180,430,890,11,8800,2019/10/11,6.43,Clyde North
138656,230,52,76,190,29,1620,2009/4/28,6.29,Glengower
138657,60,65,157,59,9,1560,2009/9/9,6.1,Blampied
138658,85,10,9,56,2,330,2009/9/9,7.99,Newlyn
140280,400,139,58,186,12,2060,2009/8/30,6.75,East Bairnsdale
141235,58,46,28,56,14,660,2009/4/28,7.88,Laang
141243,133,113,12,73,1,1070,2009/4/30,6.74,Ayrford
141299,580,41,79,387,11,2630,2009/4/27,8.33,Port Fairy
141316,72,98,16,61,6,856,2009/4/27,7.32,Dennington
142703,82,13,17,130,7,850,2001/3/6,7.4,Warrion
142712,620,32,80,590,12,3500,2001/2/19,7.7,Corunnun
144467,540,200,37,240,5.2,2400,2001/8/23,7.8,Jarrahmond
144467,247,138,26,157,4,1830,2009/7/9,7.1,Jarrahmond
144469,19,8.3,7.8,40,2,150,2001/8/23,7.2,Bete Bolong
144469,12,6,4,10,1,145,2009/7/9,6.87,Bete Bolong
144973,55,14,26,55,1,542,2009/9/7,6.85,Parwan
144993,34,12,20,31,1,400,2009/9/8,7.54,Springbank
144997,10,2,3,16,1,166,2009/9/8,7.1,Clarkes Hill
145094,330,62,32,170,6.3,1400,2001/10/15,8.6,Woodside
145261,140,6,9.4,64,1.3,500,2018/12/3,5.5,Pioneer Bay
145261,160,5.4,9.3,62,1,490,2019/10/11,5.29,Pioneer Bay
145275,150,8.3,8.5,140,1.3,850,2002/3/15,7.2,Moorilim
146024,398,33,52,194,4,1740,2009/5/7,7.53,Byaduk
146028,266,76,23,206,2,1610,2009/5/7,7.31,Branxholme
8002854,33200,670,2770,15600,244,84400,2011/12/6,6.55,Bolton
8003865,710,56,44,409,14,2720,2010/10/7,8.02,Lorquon
8003879,778,65,68,462,14,2600,2010/9/29,8.4,Lillimur
8003890,350,10,15,422,27,1930,2010/6/30,9.87,Miga Lake
8004041,329,78,48,436,23,2190,2010/10/13,7.14,Carina
CARSHALTON,100,36,36,90,21,800,2022/12/7,6.76,Kangaroo Flat
GOLDEN_SQUARE_BORE,2300,100,330,1200,12,8400,2022/12/8,6.59,Golden Square
JACKASS_FLAT_BORE,4500,110,460,2900,45,15000,2022/12/8,6.64,Sandhurst East
NEW_MOON,1700,93,240,1000,30,6700,2022/12/8,7.07,Comet Hill
RWB,1400,68,230,850,12,5800,2022/12/8,7.7,Quarry Hill
SP068252,994,74,162,391,9,4050,2012/9/27,7.41,Homebush
SP068252,820,84,150,340,7,3200,2018/1/24,7.26,Homebush
SP068252,800,84,150,340,6.3,3300,2018/11/1,7.42,Homebush
SP068252,900,80,150,370,7,3200,2019/11/21,7.2,Homebush
WRK005695,760,43,72,410,5.9,2800,1987/4/1,7.2,Wharparilla
WRK006377,616,39,60,450,10,2550,1980/11/26,7.4,Katunga
WRK006417,244,29,44,95,4,1000,1981/11/13,8,Elmore
WRK006417,159,21.1,26.7,71.5,2.25,710,2000/2/2,7.44,Elmore
WRK006438,563,45,73,312,7,2250,1982/6/1,7.85,Eastville
WRK006438,916,62.3,89.9,465,7.32,3510,2000/1/23,7.34,Eastville
WRK006637,260,2.7,29,500,3.4,2400,1983/2/7,9,Tongala
WRK007040,940,22,99,430,4.8,3300,1995/2/6,6.4,Mooroopna
WRK007209,240,13,36,220,9.1,1400,1988/4/28,8.6,Marong
WRK007488,376,79.3,61.1,177,6.33,1780,2000/1/14,7.9,Carisbrook
WRK007806,845,47.5,63,480,7.27,3350,2000/1/10,7.92,Pompapiel
WRK008371,40,5,3,41,1,300,1981/1/17,7.4,Bearii
WRK064738,97,20,11,73,0.7,580,1985/2/5,8,Apsley
WRK952874,217,20,42,133,13,1100,2009/4/29,7.5,Evansford
WRK966214,921,60,82,400,13,2940,2006/11/16,6.11,Cora Lynn
WRK966214,858,53,79,376,11,2790,2007/1/11,6.28,Cora Lynn
WRK966214,981,58,81,410,11,3120,2007/12/13,7.32,Cora Lynn
WRK966214,664,56,80,398,10,2840,2008/5/25,6.31,Cora Lynn
WRK966216,13000,2600,830,3800,17,25000,2018/11/30,7.01,Cannons Creek
WRK966216,12000,2400,820,3600,17,31000,2019/10/10,7,Cannons Creek
WRK988724,247,91,27,206,7,1780,2009/8/4,7.31,Codrington
WRK988726,736,157,82,399,12,3500,2009/8/4,6.94,Yambuk
WRK988732,820,109,91,447,5,3680,2009/8/4,7.4,Willatook
WRK988735,541,100,67,312,3,2710,2009/8/5,7.44,Kirkstall
WRK988737,280,81,42,171,4,1710,2009/8/4,7.48,Bessiebelle
WRK988740,448,34,83,265,14,2230,2009/8/3,8.6,Broadwater
WRK990031,357,119,60,242,8,2320,2009/8/4,7.16,Homerton
WRK990056,84,26,5.2,78,3.2,570,2009/8/13,9.43,Trafalgar East
WRK991273,204,14,33,163,2,1180,2009/8/5,7.8,Penshurst
